store_id,is_megapod,city_tier,orders_per_day,contribution_margin_pct
1,False,Tier-2,1631.5735647026208,-1.2809661261926304
2,False,Tier-1,769.7070498401035,-4.110433424386162
3,False,Tier-1,332.5863920478248,-10.126228454203368
4,False,Tier-2,770.2217656012733,-10.928084734853044
5,True,Tier-2,1795.213954971766,3.120045697096775
6,False,Tier-1,1208.123139542709,-4.967208881774729
7,False,Tier-2,541.9274100682608,-7.589910491758335
8,False,Tier-1,774.4689454430951,-5.519035856170387
9,False,Tier-2,614.1540891302766,-10.462504946823877
10,False,Tier-1,1648.2269342948894,-0.3109629636395628
11,False,Tier-1,1174.7350331444634,-4.998788974188102
12,False,Tier-1,1124.0972182276955,-11.09229239188888
13,False,Tier-1,1109.0541693885068,-1.06915544634886
14,False,Tier-1,824.5024197960913,-4.102310792505042
15,False,Tier-1,916.3904851293362,-0.2765891339882174
16,False,Tier-1,491.86740555657235,-10.578409544346773
17,False,Tier-2,313.4510946793163,-1.8715373924475065
18,True,Tier-1,1767.9066484291081,0.3885091709193249
19,False,Tier-2,897.0205299682509,-11.055448248492848
20,False,Tier-2,970.0405316504942,-11.064164623274745
21,False,Tier-1,1444.7784923433726,-8.967448354666706
22,False,Tier-1,1700.4417644812863,9.410609300550554
23,False,Tier-2,1699.4187482050072,6.594622662217993
24,False,Tier-2,535.0882162694809,-6.571632732685738
25,False,Tier-1,715.5296049864702,-10.612271476252513
26,False,Tier-2,1040.745615933345,3.5262390579969844
27,False,Tier-1,2619.92074289112,7.344705858255305
28,True,Tier-1,1385.5565973325602,-2.1167406547381553
29,False,Tier-2,1632.0413662666608,6.386562055048292
30,False,Tier-1,1387.5168135318372,2.538623153393684
31,False,Tier-2,704.1825739349198,2.7829120079869503
32,False,Tier-1,563.4634148282918,-6.104745657043943
33,False,Tier-2,1195.7761937535208,-6.275008725130832
34,False,Tier-1,510.93617058197594,-10.827599329908548
35,False,Tier-1,753.1360453282904,-15.065956800592186
36,False,Tier-1,796.2332443463108,-6.879177186525911
37,False,Tier-1,1717.032313757246,7.603160926929495
38,False,Tier-2,714.7468715278029,-5.143918441762606
39,False,Tier-1,279.74539981734483,-9.516561045924586
40,False,Tier-1,1052.0988281112297,-8.413945871457184
41,False,Tier-1,612.1530950945364,-5.824474426445398
42,False,Tier-1,854.6792065418489,0.04543790104628265
43,False,Tier-2,806.3558329176731,-5.251621331574068
44,False,Tier-1,741.2777915243514,-5.092166096903767
45,False,Tier-2,1196.5473763115986,-8.268473533178618
46,False,Tier-1,420.6297719550084,-4.155117031065244
47,False,Tier-2,664.4009710479382,-24.200380602602774
48,False,Tier-1,1140.6565554172203,-0.8165832896018879
49,False,Tier-1,636.0035159853643,6.083573755340532
50,False,Tier-2,406.49808634450676,-18.145946523168558
51,False,Tier-2,1132.7370430304998,-6.001015206528207
52,True,Tier-2,1657.5853261202374,-0.6349366189271075
53,False,Tier-1,1389.827370055572,-3.050359387103685
54,False,Tier-1,821.6334713963939,-0.10112529329932585
55,False,Tier-2,346.94342322672924,-8.718261819675035
56,False,Tier-1,1151.9698010237748,-1.8788040063385796
57,False,Tier-2,397.26068158155795,-6.691616018766511
58,False,Tier-1,963.4320055411303,-4.064854687577622
59,False,Tier-1,562.383228851199,8.542323997661786
60,False,Tier-2,497.5094552340121,-9.119253967109572
61,False,Tier-2,687.2394204019956,-7.381738421600888
62,False,Tier-1,772.0569680525576,-14.231948780711292
63,False,Tier-1,627.4403005001427,-9.553793509781354
64,False,Tier-2,1092.7565368086089,0.6228764262025441
65,False,Tier-1,685.9543087604632,-13.04571405898103
66,False,Tier-1,1303.2652599905794,-12.217728068850516
67,False,Tier-1,951.5290005558511,-4.082254916880692
68,False,Tier-2,612.5566926354511,-2.1018881988068765
69,True,Tier-2,2626.537927079729,7.368145282853086
70,False,Tier-1,567.8568105194346,-8.993832806241617
71,False,Tier-1,399.48207912399795,-17.95264733297829
72,False,Tier-1,955.6313012834216,-1.9497432534870351
73,False,Tier-1,714.7821737967059,-2.8314313424765034
74,False,Tier-1,288.31517888593214,-18.45820534168342
75,True,Tier-1,1426.2602424068466,5.226679905475492
76,False,Tier-2,658.8333028252798,-4.756920225202591
77,False,Tier-1,558.959448362513,-1.7228089776285445
78,False,Tier-1,1703.7673339976354,4.691699853882418
79,False,Tier-1,389.6667416201222,-5.470316800247805
80,False,Tier-2,438.3134881026701,-7.74595187893532
81,False,Tier-2,1381.6429035928725,1.539440558983583
82,False,Tier-1,1543.9288707670023,-8.59842215674895
83,False,Tier-2,599.6222766652857,-16.564383232050663
84,False,Tier-1,630.8723980145767,-10.489124594097621
85,True,Tier-1,1195.7243362330794,-2.939370445763506
86,True,Tier-2,2410.0125921377394,7.364721076377438
87,False,Tier-1,1106.3794085465402,-1.3816207427488032
88,False,Tier-1,294.22575060411185,-3.9167292151523228
89,False,Tier-1,362.8556448131975,-3.21074262585804
90,False,Tier-1,738.9366624166875,-10.306496519400838
91,False,Tier-2,1684.1108116279333,0.8097027660104485
92,False,Tier-1,689.1532711913832,-10.5819958463435
93,False,Tier-1,877.4007089898384,-5.778093797114501
94,False,Tier-1,1396.5321586612067,0.925149837266753
95,False,Tier-1,2163.8414506483014,-11.588893054437417
96,False,Tier-1,646.7503922706815,5.374159059098498
97,False,Tier-1,832.1108913634866,-2.3671337593701063
98,True,Tier-2,2105.4789264380156,0.009250757171720636
99,False,Tier-1,1903.5333387437436,13.009051208835714
100,False,Tier-1,422.6534460052795,-10.21199256165411
101,False,Tier-1,1331.3566278102237,-0.5426143256432963
102,False,Tier-1,530.2243670096632,-10.049848393176205
103,False,Tier-1,878.0072102270524,3.427952591767742
104,False,Tier-2,751.719815821224,-8.367229282224985
105,False,Tier-1,544.8099510578231,-6.750164165105243
106,False,Tier-2,538.6932896584292,-3.5276071948707104
107,False,Tier-2,949.4935188970378,-3.33441883878369
108,False,Tier-1,1312.297816701597,-1.6294220693229589
109,True,Tier-1,1507.8703634036688,5.75885349175129
110,False,Tier-1,790.8916256380317,7.163484874978638
111,False,Tier-2,865.3146187837194,-5.346495082998513
112,False,Tier-1,1084.1706223872616,-2.5988988588044504
113,False,Tier-2,541.4841484757104,-8.671055671364284
114,False,Tier-2,1169.5845383398903,2.0527595336113356
115,False,Tier-2,1212.2660238689814,-7.153924761478136
116,False,Tier-1,2705.8573061419297,8.39920637331176
117,False,Tier-2,707.8947006639601,-15.8801214175869
118,False,Tier-1,682.2563246025084,-12.317352993645176
119,False,Tier-1,1185.0934162218605,-4.9643169609803435
120,False,Tier-1,1212.1356908616865,-2.4386637206739965
121,False,Tier-2,659.0194322107023,0.2615078092708405
122,False,Tier-1,699.3274139227364,-3.581480941257362
123,True,Tier-2,1129.9843480377804,-9.376582043912101
124,False,Tier-1,1069.6118639824301,-6.93907179222651
125,True,Tier-2,1452.762446151536,4.639778708100185
126,False,Tier-1,577.7431150079053,-1.6010676140561708
127,False,Tier-1,697.0115250888409,-6.139222525433632
128,False,Tier-2,872.9331569359157,-9.08523134947221
129,False,Tier-1,1312.5336715863637,4.268869273948749
130,False,Tier-1,638.724272760374,-11.712905728805815
131,False,Tier-1,365.9399440325769,-6.968392734717145
132,False,Tier-1,353.9208781585673,2.33859770246982
133,False,Tier-1,475.7090179554391,-7.023613722364575
134,False,Tier-1,464.3398722174975,-12.019392695833417
135,False,Tier-1,782.0881039757513,-3.547515932101675
136,True,Tier-2,1786.8290261259676,-1.9114756633343712
137,False,Tier-1,491.0501059617148,-14.89824264833873
138,False,Tier-1,611.1256036025508,-3.461879314084435
139,False,Tier-1,591.8206259509534,-1.5323272669091361
140,True,Tier-1,2576.8185378304906,7.203950665015687
141,False,Tier-2,687.6731849000564,-10.24085716854629
142,False,Tier-2,1520.3094667966375,-6.501415498501423
143,False,Tier-2,1129.373864307758,-5.570751365141144
144,False,Tier-1,844.5470747005177,-7.911529594277188
145,False,Tier-1,681.3529230328423,-11.460404326518914
146,False,Tier-1,689.928207466705,3.1242055344662942
147,False,Tier-1,971.6815739652617,-1.7501476017957445
148,False,Tier-1,1090.5291580430746,-0.2698554727740161
149,False,Tier-2,557.3059454128417,-4.980618869300507
150,True,Tier-1,1330.931793718989,2.646571156285564
151,False,Tier-1,852.3170487332366,-7.103077651383057
152,False,Tier-1,336.0679711556198,-7.804757393163081
153,False,Tier-1,922.2473318503764,-5.823238043765665
154,False,Tier-1,1181.463731771305,-0.21203629921163447
155,False,Tier-1,739.157747119933,-4.23434787051509
156,False,Tier-2,1898.803801580967,-0.5789351689386479
157,False,Tier-1,563.9609091974744,-13.990870618294576
158,False,Tier-1,924.6270133612176,-3.727862885548096
159,False,Tier-1,825.0311180806693,-6.277162771656515
160,False,Tier-2,801.4385418211909,-16.896417181239638
161,False,Tier-1,796.3965696868117,-2.946582875327293
162,False,Tier-2,879.839499594168,-1.990637719298153
163,False,Tier-2,1227.9773636990335,8.609537008371646
164,True,Tier-1,1770.9177618376978,0.3552903008329018
165,False,Tier-2,1558.5692731629476,-4.081069574707132
166,False,Tier-1,837.5907620981278,-10.702443332676559
167,False,Tier-2,1210.071191712347,-3.1322852111315638
168,False,Tier-1,611.3973741844196,-5.953294380998242
169,False,Tier-2,1183.4890707610582,-8.444633385110656
170,False,Tier-1,595.0503684301337,-7.970310739843505
171,False,Tier-1,1369.6893095435826,-10.791878135363497
172,False,Tier-1,2267.267487384742,10.913959360978794
173,False,Tier-2,793.6197886237411,-11.360502266636281
174,False,Tier-1,312.59163858010953,-9.528612925689394
175,False,Tier-1,655.179615741023,-13.748094457826088
176,True,Tier-2,2224.1999638306374,1.0257674360718578
177,False,Tier-2,1459.553799102466,-3.577589652033283
178,False,Tier-1,1075.377234339638,-3.3095006373524205
179,False,Tier-1,937.8156175544171,-1.9548767592174787
180,False,Tier-1,1320.073902411182,5.899902359455182
181,False,Tier-2,1042.676546160915,-1.8510971941312737
182,False,Tier-1,1450.2896511246702,4.55707564746321
183,False,Tier-2,1268.1100164558104,3.5193364040967996
184,False,Tier-1,1662.8818730694215,4.295530114903485
185,False,Tier-1,985.3535179618772,-4.156772111665334
186,False,Tier-1,1260.052884866465,3.2699183329416224
187,False,Tier-1,730.2121129490821,-0.6493209438644345
188,True,Tier-2,889.1171135533763,-3.500298179008188
189,False,Tier-1,639.6267961858526,-14.01218789295907
190,False,Tier-1,1807.2970737227427,-1.604988452956671
191,False,Tier-2,924.1129873556017,-7.837430898572981
192,False,Tier-2,1204.4020457223178,-0.32274280780733644
193,False,Tier-2,886.4504650755982,-6.871192652013388
194,False,Tier-1,643.9429901633167,-1.020177188706025
195,False,Tier-1,842.5934215322184,1.4608662387137779
196,False,Tier-2,1599.9690247418862,4.939540264055744
197,False,Tier-1,1076.424601491045,2.783035357064419
198,False,Tier-1,388.14513099088055,-13.935872752631923
199,False,Tier-2,761.0371964488809,-5.354589208395449
200,False,Tier-1,1869.7769921938195,0.06450645550809986
201,False,Tier-1,761.5331109994934,-14.00913104606542
202,False,Tier-2,372.9061685790507,-12.31017058891215
203,False,Tier-2,1965.327621587238,8.490241523568784
204,False,Tier-1,1139.8122899865878,-0.4338559067803551
205,True,Tier-1,2476.8553128639437,18.047825083675637
206,False,Tier-1,812.4354411841719,-4.470430021451442
207,False,Tier-1,709.3891582745708,6.058062756895727
208,False,Tier-2,1364.5781454696096,-2.051832985923242
209,False,Tier-2,656.9774599795957,-8.487843116659928
210,False,Tier-1,1405.653546885244,-7.007786341790904
211,False,Tier-1,1070.124332265694,2.257744082324016
212,False,Tier-2,936.0314786776909,-8.878438092546244
213,False,Tier-1,895.1791831824469,-7.929869008849435
214,False,Tier-1,774.9562870741483,0.7497388381406713
215,False,Tier-1,1342.2200752727388,4.672809668896321
216,False,Tier-2,568.0093989678522,-3.6517322494691635
217,False,Tier-1,404.1054801789606,-10.434176106108596
218,False,Tier-2,1105.4859552786093,-5.267055961562759
219,False,Tier-1,1113.874200467511,-3.2443426620045446
220,False,Tier-2,1040.7019944984274,-1.6178574179159648
221,False,Tier-1,1007.2911800071615,3.9700885052630674
222,False,Tier-1,725.817837100975,-4.20878880446554
223,False,Tier-1,1195.0095518124594,7.578467564021092
224,False,Tier-1,821.4253668226893,-0.7986892525185532
225,False,Tier-1,673.4010985956743,-7.6428524590720714
226,False,Tier-1,728.6482825842088,-1.8833209859468298
227,True,Tier-1,1273.9454196464583,6.865200473450156
228,False,Tier-1,2081.470938971729,14.787148151215131
229,False,Tier-2,384.06161812740874,-4.849114609250701
230,False,Tier-1,1049.89652160401,-3.3285198361432977
231,False,Tier-2,393.8391385263787,-11.788817439333947
232,False,Tier-2,798.5816672567174,-4.5870634214046815
233,False,Tier-1,689.8056368524177,2.032253293909199
234,False,Tier-2,328.0872263430667,-9.062520855448582
235,False,Tier-2,998.8545337695974,-3.592568647764541
236,False,Tier-2,706.6426640981101,-7.945933692895032
237,False,Tier-1,326.00065362720443,-10.887514361403802
238,False,Tier-1,1223.3495168884065,-2.8799406753777124
239,True,Tier-1,2006.621644709158,4.87403880663554
240,False,Tier-1,1599.2579519280926,9.528499319358477
241,False,Tier-2,1639.4206472634878,-1.9392679918114815
242,False,Tier-2,985.4246241647394,-5.709606904390556
243,False,Tier-1,855.998310879672,-9.334966092260544
244,False,Tier-2,1524.1813418939098,1.9205417902516801
245,False,Tier-1,1787.5743246217921,9.277926213300375
246,False,Tier-2,1396.3935508417983,5.437573359252791
247,False,Tier-1,548.8637979177272,-6.448331270445005
248,False,Tier-2,917.954132206372,-3.6406598032182207
249,False,Tier-2,1021.8035237274429,-6.449387698296022
250,False,Tier-1,371.375843287056,-6.244964132496315
251,False,Tier-1,1035.618940738654,-2.0012869888600715
252,False,Tier-2,2331.7831684293105,5.089523006426545
253,False,Tier-1,1118.2424773407026,-2.2213559971541064
254,False,Tier-1,1627.1383333202946,3.420653806265226
255,False,Tier-2,910.3725115193024,-8.043846359338776
256,False,Tier-1,811.264380910941,-6.578433190368013
257,False,Tier-1,995.3698394593522,4.64370450676721
258,False,Tier-1,580.8080066184697,6.343133619914297
259,True,Tier-1,1955.9164012570357,-2.2305678098793082
260,False,Tier-2,543.3987552138309,-15.806230257435022
261,False,Tier-1,1482.343101041382,-4.783083607975069
262,False,Tier-1,1554.790820208886,0.06582020921293896
263,False,Tier-1,536.756420499921,-3.083110358079722
264,False,Tier-2,1296.1345650223568,-0.5307230468451603
265,False,Tier-1,806.2632092050973,-4.545802919722255
266,False,Tier-2,976.9701501619043,-3.3956253411806463
267,False,Tier-2,1031.3672501019848,-9.065557059591344
268,False,Tier-2,1311.5959421704997,-4.583910598664472
269,False,Tier-2,870.2368633756594,-6.994642112139084
270,True,Tier-2,2514.89185747559,-1.6580111118199188
271,True,Tier-2,2142.838175213005,-2.5199098991743165
272,False,Tier-1,1581.4780104215304,-4.812070500281427
273,True,Tier-2,890.1785117694315,-2.9140950646910517
274,False,Tier-1,963.6980490331551,-2.919705142138052
275,False,Tier-1,1110.3440076789595,0.0819937845360168
276,False,Tier-2,576.2687169074545,-18.44418949101806
277,False,Tier-2,2214.84742021072,-3.55511834583763
278,False,Tier-2,1035.8353234136293,-2.253304488673863
279,False,Tier-1,1155.6186207048033,-16.504463519957202
280,False,Tier-1,406.6116794556147,-2.4800240536214355
281,True,Tier-1,1435.366348893744,-9.489719203729372
282,False,Tier-1,579.0138107912134,-3.007229331310776
283,False,Tier-1,1463.505552441971,-4.590942981514419
284,False,Tier-1,953.9805121656786,1.0202983959179672
285,False,Tier-1,354.36992728350634,7.019699710585148
286,False,Tier-2,1337.7879008137093,-14.519649221361327
287,True,Tier-1,1893.2888043864002,6.76713189712907
288,False,Tier-2,656.4456997216247,-17.645312247461074
289,False,Tier-2,1582.300190553654,0.9361818582513779
290,False,Tier-1,805.9455505993428,-6.442360690230102
291,False,Tier-1,919.3438869110468,-3.8524015696677845
292,True,Tier-1,1713.1947808767177,-2.7089374118928182
293,False,Tier-2,1425.2062240661398,1.4482910627462457
294,True,Tier-1,2096.2228976418683,-2.3280702859823332
295,False,Tier-1,559.8508470077146,-1.1690711867099575
296,False,Tier-2,536.3361859151022,-11.61162632299547
297,False,Tier-2,767.4842448205419,-14.729643705716487
298,False,Tier-1,1216.5448143919107,5.850978354573402
299,False,Tier-1,460.65411881797246,-8.50754459076736
300,False,Tier-1,395.8069809405733,0.8485714224693428
301,False,Tier-1,1214.6565703587837,3.9679689321716056
302,False,Tier-1,639.1901598483595,-10.733271522410675
303,False,Tier-1,702.7776361224264,-6.658792192969708
304,False,Tier-2,363.5720756223651,-10.342297973968583
305,False,Tier-1,617.6991638499952,0.7170450334667837
306,False,Tier-2,835.5890765585863,-4.98376309796111
307,False,Tier-1,1274.3764465569636,-0.7795895993273696
308,False,Tier-2,592.5816477961866,-10.11480903038742
309,False,Tier-2,1767.5708725901295,0.03171752418246587
310,False,Tier-2,616.1509792132462,-2.403896015167784
311,False,Tier-2,616.5570949768849,-8.905080763462923
312,False,Tier-1,1674.639402281616,-0.4339354155033206
313,False,Tier-1,922.1420777913982,-7.301463483002625
314,False,Tier-1,654.0155398761838,-9.392765727436714
315,False,Tier-1,781.9042819674017,-12.611310001739987
316,False,Tier-2,1541.3675955789229,-5.277000054266387
317,False,Tier-1,1621.8674469229825,8.6109766763701
318,False,Tier-2,580.5554454475586,-10.24461701652239
319,False,Tier-1,822.581055885543,-1.7533574874005387
320,False,Tier-1,873.1547591809904,-17.264608793321624
321,False,Tier-1,537.9330934312133,-4.711042984986273
322,False,Tier-2,817.6905520611585,-8.121303382621676
323,False,Tier-2,840.4500546566032,-9.539663954465093
324,False,Tier-1,1400.5727037047905,0.25331713947860734
325,False,Tier-1,1443.58300962104,-2.786526469357194
326,False,Tier-2,722.9918945563211,-18.691503720256588
327,False,Tier-1,761.4795566160088,-1.1529881184776176
328,False,Tier-2,1130.5661189045452,-3.596447519288048
329,False,Tier-1,644.3276941213015,-8.271154998034222
330,False,Tier-1,1092.7254954074642,-7.945187174367848
331,False,Tier-1,805.9198704042012,-12.75799289456744
332,False,Tier-1,542.0254090605399,-6.400397469440768
333,False,Tier-1,545.0980679742079,0.5719250676550836
334,False,Tier-1,1607.9553046270748,2.023410543456415
335,False,Tier-2,781.4510991930279,-14.518263514185282
336,False,Tier-1,1754.0831588144677,3.3021846284423786
337,True,Tier-1,2301.736534082566,6.291113184161513
338,False,Tier-1,665.4116842621523,-2.2125526727970044
339,True,Tier-1,2180.140680593689,8.61872705454277
340,False,Tier-1,955.8343089361276,-19.13850247632597
341,False,Tier-1,2460.8122709465306,10.556644912449155
342,False,Tier-2,520.9834135292409,-14.705594016551867
343,False,Tier-1,356.9250142336332,-16.109307870639803
344,False,Tier-2,1495.9366323581598,-2.8309382702679144
345,False,Tier-1,577.94467325678,-5.177651346061078
346,False,Tier-2,830.6631657642884,-15.41443200258519
347,False,Tier-1,644.1161363580401,-3.180253101113297
348,False,Tier-1,945.9743853976,-0.47157495642657565
349,False,Tier-2,546.6457380022746,-9.24801739174969
350,True,Tier-2,1703.3065705293186,-4.567729864166068
351,False,Tier-2,773.2243203268893,-12.567159735596722
352,False,Tier-1,1026.550198103996,1.4859979654677309
353,False,Tier-2,532.6173461619388,-17.15123894044939
354,False,Tier-2,611.8605684150108,-3.6388274258493967
355,False,Tier-2,717.1033449213344,-8.945233313546883
356,False,Tier-1,440.792963683961,-8.808893066007972
357,False,Tier-2,693.2493856097881,-16.850507719453695
358,False,Tier-2,884.4806914564773,-7.513801896256489
359,False,Tier-2,700.4655719833455,-5.184412121341731
360,False,Tier-1,742.0545950457474,-12.6016779561593
361,False,Tier-1,830.9640132815497,-2.7151728347537496
362,False,Tier-2,624.1917934327989,-8.41746866140787
363,False,Tier-1,1144.2679827337968,-5.920698484556535
364,True,Tier-2,1043.8886042277788,-1.231590010986622
365,False,Tier-1,1599.9575820688576,-10.067687465607294
366,False,Tier-1,680.3252985617883,-4.680058145052524
367,False,Tier-2,1043.0260645544818,2.5853200295369394
368,False,Tier-1,752.7359637531046,1.3655391282627694
369,False,Tier-1,988.3249552793264,-2.0004310323381507
370,False,Tier-2,1696.1954128411655,-1.7949048551902798
371,False,Tier-2,1054.0962406704534,-8.6023071346399
372,False,Tier-2,377.4755121258858,-12.350889149786497
373,False,Tier-1,1028.4830973243481,-0.9091632590810592
374,False,Tier-1,1460.2032611789123,-4.210657215131158
375,False,Tier-2,758.8650516381222,-3.9980247739084924
376,False,Tier-1,1312.354200893304,9.308571919897677
377,False,Tier-1,614.6114300031277,-7.2485890128773285
378,False,Tier-1,429.6838126218899,-15.140567792706783
379,False,Tier-1,893.4302778974417,-11.432345785667906
380,False,Tier-2,380.36362998358857,-6.930327478838789
381,False,Tier-2,752.6838492380347,-8.133324378163316
382,False,Tier-2,1496.1063696278477,2.4969411600776716
383,False,Tier-1,355.0110560960024,-11.684147074294103
384,False,Tier-1,471.42908243298535,-3.931513880102335
385,False,Tier-1,526.9616261238873,-8.431867135522904
386,False,Tier-1,814.886063139197,-8.999496048771544
387,False,Tier-1,711.211381259804,-8.171365621198865
388,False,Tier-1,1573.6508992252802,-5.252128860579315
389,False,Tier-1,1288.1971846254294,8.396310992646118
390,False,Tier-1,1047.7654852667924,-3.955849462923471
391,False,Tier-2,895.2257149586363,-3.4716881141853047
392,False,Tier-1,1000.7406353046961,-6.534484859181802
393,False,Tier-1,568.869000835655,-12.564751380479251
394,False,Tier-2,1233.1003659011124,-5.160663904646152
395,True,Tier-2,1584.4059015054067,4.3251456016738725
396,False,Tier-2,508.32567060852165,-12.393117869388618
397,False,Tier-1,1221.0444618810154,-6.440368445864328
398,False,Tier-2,1429.8236106673644,-1.6401541700807423
399,False,Tier-1,921.8949790178666,-1.9857914415337212
400,False,Tier-1,774.5222316591328,2.5543544202736035
401,False,Tier-1,1003.9341387526508,-2.0558387753816945
402,False,Tier-1,231.3331718915666,-6.785435509476667
403,False,Tier-1,960.6003358223749,-0.5748854060847681
404,False,Tier-1,796.7436166106336,-11.247192254043458
405,False,Tier-2,819.5534261340239,-12.116297220540904
406,False,Tier-1,1152.2615683163226,-8.057453178763046
407,False,Tier-1,810.698503295872,-12.031205029356627
408,False,Tier-1,501.9242214526993,-3.8633711312917614
409,False,Tier-1,786.7503954936168,-4.111810654997663
410,False,Tier-1,864.3192547324512,-4.544029923948518
411,False,Tier-1,882.9446377382061,-17.75608975237107
412,False,Tier-1,901.8118946400646,5.6358151729482335
413,True,Tier-2,2058.0611095174413,-1.8629354218936225
414,False,Tier-2,1338.4376912792495,7.11050103266341
415,True,Tier-1,1309.597332782911,-8.625493018258666
416,False,Tier-2,514.310254659188,-13.803588032774556
417,False,Tier-2,907.4218491420395,-17.610936396677207
418,False,Tier-2,1498.1864239321,-0.05994800609508655
419,False,Tier-2,384.12463371251636,-16.289351311621406
420,False,Tier-2,909.0346814497351,-11.948787596159267
421,False,Tier-2,644.2725910792383,-15.564454634503456
422,True,Tier-2,2195.1191010375087,7.5916638447240095
423,True,Tier-1,2385.412046754015,10.78455035460448
424,True,Tier-1,1886.8598250239002,12.298983778319752
425,False,Tier-1,709.6149986192028,-9.607677393676619
426,False,Tier-1,558.0111052484377,-6.2978785800438715
427,False,Tier-1,776.8477758081993,-12.087958057809537
428,False,Tier-1,1920.0514604892232,1.8291522929718207
429,True,Tier-1,724.4952498313776,-8.654328845020242
430,False,Tier-1,474.63618202474555,-5.736725033590306
431,False,Tier-2,495.32679635528535,-4.808340874332138
432,False,Tier-1,466.69301401034215,-3.1671867110251384
433,False,Tier-1,1824.1701850541722,-1.4767641579200514
434,False,Tier-2,680.9503343527535,-3.416122079328349
435,True,Tier-2,1237.9135944488603,-4.173181207213478
436,False,Tier-2,828.8213765584711,-8.84847774428268
437,False,Tier-2,699.4469259858603,-11.803046303473085
438,False,Tier-2,548.1516297108827,-12.270530211386074
439,False,Tier-1,754.2504310487299,2.88950840210563
440,False,Tier-1,2534.5005200230084,9.956993715388812
441,False,Tier-1,1568.655488902188,1.566238871458153
442,False,Tier-2,571.1890396206961,-10.597786252984541
443,False,Tier-2,1122.092569720347,7.350569337687545
444,False,Tier-1,576.7200650035504,-0.7172513130048479
445,False,Tier-1,376.9742199550984,-12.44558109161855
446,False,Tier-1,1326.5304831610292,-2.6118956855002624
447,False,Tier-1,1413.1605807677631,-1.6220023479778218
448,False,Tier-1,1342.469024985356,-0.38695218596952863
449,True,Tier-1,3198.591746549794,10.226539731975802
450,False,Tier-2,678.6481999619178,-6.232796060761549
451,True,Tier-1,1541.7105523246755,7.738060801528602
452,False,Tier-2,777.8184640136733,-14.201657110176807
453,False,Tier-2,1174.8981472796918,-10.097612784488176
454,False,Tier-1,999.9601791260651,-6.272175620743389
455,True,Tier-1,1001.6122174611047,-6.0271443381156855
456,False,Tier-2,702.3314042292426,1.7549163302982196
457,False,Tier-1,404.6246800263581,-3.610520736980317
458,False,Tier-2,882.5240829285808,-2.0742598532454073
459,False,Tier-1,1362.5273206164247,-2.277674179900979
460,False,Tier-2,489.1296124278134,-11.37459441177694
461,False,Tier-2,1117.6504656075272,-12.173387621232152
462,False,Tier-1,973.3424795216079,-0.1606233008534259
463,False,Tier-1,1175.1005048504908,1.2785582478969104e-05
464,False,Tier-2,1241.3207532948159,2.504488572484571
465,False,Tier-1,613.4095874936912,-8.002936144096683
466,False,Tier-1,405.00949465909906,-9.324884050994566
467,False,Tier-1,659.484489925539,-5.729960715057884
468,False,Tier-1,1250.938731184479,2.610933449745934
469,False,Tier-2,656.9713984149447,-15.951371200433211
470,False,Tier-2,613.5260624150297,-5.267575109253264
471,False,Tier-1,369.42013982232714,-9.003180969550911
472,False,Tier-2,1844.998309209522,-4.389264143357681
473,False,Tier-1,1215.7462674905328,-12.553122900611445
474,False,Tier-1,1185.589540138162,-3.053716515551846
475,False,Tier-1,1295.9751010299876,5.750301447344877
476,False,Tier-2,1086.8740414795614,3.2123513882780914
477,False,Tier-1,751.1416548971466,-4.07004998473772
478,False,Tier-1,778.8733042268656,4.184950475760788
479,False,Tier-1,691.6902753444044,-6.537247489293864
480,False,Tier-2,2744.009854132349,12.862532314007321
481,False,Tier-1,1076.7501406873141,-5.498217596298998
482,False,Tier-1,680.5028715860934,-8.98503550099737
483,False,Tier-2,1033.8198244645548,-8.973051265952119
484,False,Tier-1,532.0041167019893,-17.90267607927102
485,True,Tier-1,2631.168654103219,15.628746255294935
486,False,Tier-1,1650.0655013157864,-1.8637024624291647
487,False,Tier-1,622.6976869957701,-10.881676680075195
488,False,Tier-1,1050.5096277754938,-9.351845663124802
489,False,Tier-2,1354.5602933442672,-4.041379113192653
490,False,Tier-2,996.9375054515148,2.936897319145456
491,False,Tier-2,874.85113182645,3.611639031459813
492,False,Tier-2,842.5248679907663,-15.42019971234966
493,False,Tier-1,817.4124047761311,-7.089005018937738
494,False,Tier-1,646.7940448029224,-11.85350076931049
495,False,Tier-2,684.9012704279791,-3.435165407783944
496,False,Tier-1,1631.6677147764103,2.6302451774155413
497,False,Tier-2,798.4726823013148,-10.651129455754031
498,False,Tier-2,588.7101276416944,-8.783517853176726
499,False,Tier-1,664.6152633792071,-8.92623527727026
500,False,Tier-1,1375.687722421323,7.220667973979691
501,False,Tier-1,1136.3370172898174,-0.03057056386664403
502,False,Tier-1,1078.892542837175,0.12419317001421426
503,False,Tier-1,746.6956713610009,-19.217086296541854
504,False,Tier-1,1085.2388197109492,-3.5080971137218353
505,False,Tier-2,627.6230417666235,1.5809748521627833
506,False,Tier-2,745.9927833796002,-1.2574766600451524
507,False,Tier-2,1297.188176597103,-12.714006794090068
508,False,Tier-1,1242.6074039207858,-3.4823342093170586
509,False,Tier-1,538.9823420681106,-13.551802870314098
510,False,Tier-1,570.5240570075904,1.2636359806097
511,True,Tier-1,1823.6875244663152,3.954827329844689
512,False,Tier-2,880.4720721614291,-10.651265498631123
513,True,Tier-1,2530.295344441779,8.557088195972803
514,False,Tier-1,1823.1149153900308,-10.307972599487549
515,False,Tier-2,354.0853254722564,-16.448188190770207
516,False,Tier-1,950.3136265426573,-4.071336635792568
517,False,Tier-1,451.38595125910365,-4.016599824925934
518,False,Tier-1,630.235332585633,-16.520752219567015
519,True,Tier-2,1973.7622415324913,0.028257116482409028
520,False,Tier-2,711.6238365713068,-3.1146448921008103
521,False,Tier-1,693.8900273801221,-13.562210680090757
522,False,Tier-2,659.4024641984985,-7.434930389756522
523,False,Tier-2,841.1629660174401,-6.796888033595836
524,False,Tier-2,658.9694896800745,-0.012406758041767496
525,False,Tier-1,434.1701106487538,-9.533384357633533
526,False,Tier-1,1190.9225836914407,-3.186686599609201
527,False,Tier-2,1176.5417753839602,-0.16893130837025083
528,False,Tier-1,1225.3363785495046,-8.685116589116062
529,False,Tier-2,419.1428183898455,-11.607337762900904
530,False,Tier-2,959.157609532269,-8.461428455209775
531,False,Tier-1,1136.5273698966987,-3.4584043816172865
532,False,Tier-2,527.1585249742127,-5.396763832657483
533,False,Tier-2,841.9075433290011,-4.349996505222501
534,False,Tier-2,795.7000157035599,-11.233875694280277
535,True,Tier-1,2084.276154849312,5.501640978165185
536,False,Tier-2,1920.8249551137985,8.962743434147633
537,False,Tier-1,1993.337118453219,-0.06619582362614818
538,False,Tier-2,396.4626603538585,-9.958529092449444
539,False,Tier-2,2575.526847359609,5.782347116918353
540,False,Tier-2,555.4011614075888,-9.72788006518855
541,False,Tier-1,1303.5482168124997,-9.580966654012382
542,False,Tier-1,1297.5930559591689,5.578494441968998
543,False,Tier-1,535.6503619502372,-11.442620886104393
544,False,Tier-1,1046.8204934882435,1.6488595214082373
545,False,Tier-1,798.833114179331,-8.572282404068282
546,False,Tier-1,1075.9838621347828,-6.375716639665914
547,False,Tier-1,930.1489890353656,1.6507438873448832
548,True,Tier-2,2025.3786292478478,7.316387774107029
549,False,Tier-2,1436.3996359780272,-1.3215376946212434
550,False,Tier-1,867.3755427207814,-1.111307186467525
551,False,Tier-2,777.4341214945993,-9.07935520659058
552,False,Tier-2,1373.0243567094128,-2.9137075621845216
553,False,Tier-1,1088.679120902493,-6.454753272364527
554,False,Tier-1,1165.445000743489,1.9878204751838346
555,True,Tier-2,2239.1590689839545,0.5901416187694997
556,False,Tier-2,621.712792676587,-1.4565802111634154
557,False,Tier-2,523.8335540295258,-11.24456668662829
558,False,Tier-2,649.4119597048444,-8.558225779544948
559,False,Tier-2,634.0784068825269,-4.989796918933488
560,False,Tier-1,1194.319577995652,-2.1821855473522485
561,True,Tier-2,3596.9383336531832,13.42990082053354
562,False,Tier-1,1300.800421911243,-1.5997781410177891
563,False,Tier-2,781.9052818216421,-3.1317302549043187
564,False,Tier-1,1596.3192653967612,-2.399771264774812
565,False,Tier-1,1552.0834485650178,-0.0705817251115568
566,False,Tier-2,935.4912130532736,-6.32070093615181
567,False,Tier-1,579.2249653570611,-2.899338576770604
568,True,Tier-2,2430.6428919749287,5.089851989176872
569,False,Tier-1,1703.5366182395637,10.813724141119746
570,False,Tier-2,815.7308277121689,-8.1129105441435
571,False,Tier-2,887.4184048294185,-7.945135230656427
572,False,Tier-1,719.6176137995315,-6.954283974957782
573,False,Tier-2,561.7947634893012,-15.944913312641017
574,False,Tier-1,432.9639624179917,-13.575986811714866
575,False,Tier-2,1114.6915246491858,-7.591866528767355
576,False,Tier-2,589.3450091593518,-3.4621549597399115
577,False,Tier-2,3322.029909376333,12.554544700935239
578,False,Tier-1,514.3012217479454,-10.164875451360345
579,False,Tier-1,476.1439034749053,-1.914239321433156
580,False,Tier-2,1054.7981098587386,2.3382062660658383
581,False,Tier-1,1668.5884459460997,7.769555594842225
582,False,Tier-1,863.1664844843945,-9.216182387566008
583,False,Tier-1,1084.691972758098,-5.654771596168869
584,False,Tier-1,365.74848680468455,0.13860396874569503
585,False,Tier-2,618.1072863801493,-7.70550752622407
586,False,Tier-1,517.1925086703753,-9.056659532382765
587,False,Tier-1,357.36998155736563,-5.405364618152264
588,False,Tier-2,883.7580674447149,-1.7495044009170932
589,False,Tier-1,305.5977854750632,-12.268529848106194
590,True,Tier-2,1130.6040990652064,-3.7140316916440668
591,False,Tier-1,462.45722018141555,-3.523606169728758
592,False,Tier-2,658.3949855392091,-14.390340122750967
593,False,Tier-2,576.7815590528191,-9.180084517712123
594,False,Tier-2,1002.1731453847858,-11.410627379440665
595,True,Tier-1,2076.850037419588,-0.1591664625427267
596,False,Tier-1,962.0373996304986,-6.975265467622907
597,False,Tier-2,1253.5711489007817,-1.4418973966617692
598,False,Tier-1,1176.283205217852,-4.055911778713233
599,False,Tier-1,1400.9529963759037,-3.890530931100176
600,False,Tier-1,837.7158488851004,-4.896564669559775
601,False,Tier-2,961.1229552316491,-11.90189427674433
602,False,Tier-2,1055.4509616422931,-3.2684404949574795
603,False,Tier-2,893.6263674685819,-1.0501195277251703
604,False,Tier-2,701.2081676244102,-8.642419141210151
605,False,Tier-1,721.9407703892535,-7.093783080652388
606,False,Tier-1,580.3555664221288,-5.346017979810497
607,False,Tier-1,1013.6062690960348,-13.88956121865482
608,False,Tier-2,803.7075121801805,-4.742316896834594
609,False,Tier-1,622.1082125214513,8.630230441630552
610,False,Tier-2,622.3683199917845,-9.490498822904701
611,False,Tier-2,486.3180399232673,-10.56114512646089
612,False,Tier-1,1302.4740420040312,2.281763059265291
613,False,Tier-1,868.6325485260646,3.319659451932953
614,False,Tier-1,568.6597246067514,-2.4319472582406894
615,False,Tier-2,1206.3912301986397,-14.98296882859401
616,False,Tier-2,651.5409673058975,-5.82674235050446
617,False,Tier-2,445.24155644072283,2.565518900468782
618,False,Tier-1,1327.5524605724895,1.8765606411118663
619,False,Tier-1,658.4236671671266,-12.361684506287109
620,True,Tier-1,2558.1852403035464,10.018565767256067
621,False,Tier-1,697.5245079434519,-12.679304470423094
622,False,Tier-1,854.1213243363775,1.1409247637699425
623,False,Tier-1,1402.0733590030868,-5.418890345380308
624,False,Tier-2,846.0335545416972,-6.716577667471682
625,False,Tier-1,488.7932183800934,-12.234618540183867
626,False,Tier-1,1070.9344802713306,-6.020828722834685
627,False,Tier-2,674.0449934810991,-1.032951100114107
628,True,Tier-1,2605.6030046581077,9.506045584467973
629,False,Tier-2,1960.800383303179,-0.9656735794685436
630,False,Tier-2,838.0169823489596,-12.878068272907313
631,False,Tier-2,306.67123145829385,-20.76120185759621
632,False,Tier-2,984.7191542998781,-12.234714210479783
633,True,Tier-1,1598.1910425878718,1.4892602706594893
634,False,Tier-2,2011.4502273274961,7.136706384967913
635,True,Tier-1,2576.256096719075,5.952227034376217
636,False,Tier-1,1703.9534183288029,9.628281072960121
637,False,Tier-1,1911.1714744778997,-0.1541945925833117
638,False,Tier-1,529.8797834227017,-8.807084624283156
639,False,Tier-2,1263.9674448244139,-9.142208320356325
640,False,Tier-1,605.857431977017,-2.0553961486099595
641,False,Tier-1,927.4811494633285,6.051337988664092
642,False,Tier-1,472.8194710065138,-16.882593313894255
643,True,Tier-2,2399.298987240131,3.60751727748218
644,False,Tier-1,627.3704191354988,-0.513201688931209
645,False,Tier-2,618.4592019081043,-16.143118269128546
646,False,Tier-2,1256.2572168823554,-0.9725870073511
647,True,Tier-1,3929.880888936884,25.69034383526755
648,False,Tier-2,1202.1487328593591,-3.847730342606316
649,False,Tier-1,949.6667358762411,-1.507415035554783
650,True,Tier-1,1450.4202837528067,8.551809923395115
651,False,Tier-2,456.6204873199417,-0.46096760820010907
652,False,Tier-2,728.730876077594,-8.336053333817038
653,False,Tier-1,599.3164903980563,-9.72342160057709
654,False,Tier-1,1240.0367943493145,-6.535670477839341
655,False,Tier-1,1424.7126514680085,4.426457686622256
656,False,Tier-1,1348.7260432435187,-7.9251337202720675
657,False,Tier-2,596.8665187864483,-10.3440023169298
658,False,Tier-2,244.38682919433305,-11.387520788938382
659,False,Tier-2,378.57317622214646,-13.342491431081974
660,False,Tier-1,1589.658322552969,2.260303628253996
661,False,Tier-2,699.9280316398061,4.565926567316864
662,False,Tier-2,598.0749988892165,-9.679457237884355
663,False,Tier-2,1755.9044733184558,-1.9858566278546768
664,True,Tier-1,1559.9187136235357,5.699944553632176
665,False,Tier-1,1481.5797793893637,1.1944921785771445
666,False,Tier-1,847.7147210810689,2.122332347440058
667,False,Tier-1,734.7357050126894,-5.154740538065267
668,False,Tier-1,790.0503635378519,-6.777777408817726
669,False,Tier-1,928.6811856582822,-13.345239232471894
670,False,Tier-2,1722.5542840901617,-8.174303473602782
671,False,Tier-1,1013.9943188419207,-12.922603178665522
672,False,Tier-2,1162.415335784109,-2.660045759571305
673,False,Tier-1,1419.008673564985,-7.315242288082793
674,False,Tier-2,495.31208569206655,-3.6156807621319276
675,False,Tier-1,1177.5956948758344,-2.284065893978931
676,False,Tier-1,734.3504014773952,-7.202195660954558
677,False,Tier-2,270.23701368923537,-15.913443543773184
678,False,Tier-2,321.7793128048486,-8.170536033475555
679,False,Tier-1,530.2715932167805,-11.636380629243188
680,False,Tier-1,1064.853695272136,-8.26412473543769
681,True,Tier-2,1657.0156308695268,5.341810372717583
682,False,Tier-2,882.4940485321686,-5.023006085132913
683,True,Tier-1,1567.9785487033687,-0.4868830288797863
684,False,Tier-1,910.9675338847762,-1.361159082518582
685,False,Tier-1,2017.2022542527652,4.32621312231024
686,False,Tier-2,473.642071875933,-8.151861949999493
687,False,Tier-1,828.1524295702766,-9.315084352580438
688,False,Tier-1,961.5419807237887,6.188264613078046
689,False,Tier-2,601.9770598771762,-11.93834763662909
690,False,Tier-1,849.1953684477251,2.7175803050663108
691,False,Tier-1,408.1215473342546,-9.53543614511372
692,False,Tier-1,1581.2959926005713,4.829789241814006
693,False,Tier-1,616.9670950116098,-3.2492100220418147
694,False,Tier-1,2091.57429929877,10.61078889287501
695,False,Tier-1,826.2759476153396,-9.44897523216338
696,False,Tier-2,1331.639734521401,2.1752306053001425
697,False,Tier-2,818.5675721343216,1.9246755543663996
698,False,Tier-1,826.9196368452009,-6.534172078713053
699,False,Tier-1,644.6638644444889,-6.5252230259988515
700,False,Tier-1,884.6110074021814,-7.396409430448695
701,False,Tier-2,967.4286283107513,-7.8488165117048645
702,False,Tier-1,589.1176514496048,1.4139909289939139
703,False,Tier-2,792.5632025091777,-12.536731287842976
704,False,Tier-1,637.1453132212852,-11.469495880748953
705,False,Tier-2,2359.9390509921045,13.077952812743344
706,False,Tier-1,805.2585403956498,-2.291253824658365
707,False,Tier-2,1680.5841306363584,10.190460013038113
708,False,Tier-1,767.7868777026274,-7.965962444773622
709,False,Tier-2,942.2038752138649,-5.687027589366609
710,False,Tier-1,462.63037460583547,-11.458405999277712
711,False,Tier-2,685.6447072976586,-7.654400775645627
712,False,Tier-2,921.7581162745413,-15.352482833490562
713,False,Tier-2,1711.7028358424998,3.262331192749664
714,False,Tier-1,926.51894224301,-2.8265423218596046
715,False,Tier-1,1562.7719321524735,0.3583378676248188
716,False,Tier-1,1118.6415653894437,-4.858753377148149
717,False,Tier-1,1743.8888040102534,-2.3787237820238456
718,False,Tier-1,816.4561798747557,-1.6858502781035238
719,False,Tier-2,2458.0962821783237,-0.04674394835581719
720,False,Tier-2,673.921711551251,-5.905211024609152
721,False,Tier-1,593.8545446917469,3.2670290543158877
722,False,Tier-2,486.39373885467324,-2.537306923206497
723,True,Tier-2,1390.7562462478468,-10.255654020635866
724,False,Tier-2,2393.4792577250737,2.6080794828187006
725,False,Tier-1,1212.3230186850099,-0.0502264250086073
726,True,Tier-1,792.9867505220137,-5.863579883161016
727,False,Tier-2,721.3957740642383,-15.081926676163576
728,True,Tier-1,1594.3147881963625,2.825033785672982
729,False,Tier-1,1470.859869653936,-0.13926979561538433
730,False,Tier-2,1142.5338196925438,4.855833323293884
731,False,Tier-2,2031.0325796283958,1.1260528466745576
732,True,Tier-2,2029.2399297160525,8.217872087095998
733,False,Tier-2,417.8061068823615,-16.849057437856363
734,False,Tier-1,744.0663357161266,-11.043580081018904
735,True,Tier-1,1566.5681459718191,4.284790689556628
736,False,Tier-1,680.8946653365514,-0.990253051536091
737,False,Tier-1,344.9450179689001,-13.883467763886134
738,False,Tier-1,1351.120439857023,-0.9267137259896319
739,False,Tier-2,742.3818922868877,-14.824905006615662
740,False,Tier-1,1169.5522739920946,-3.4057452168560154
741,True,Tier-2,3246.145333615738,16.29771231978116
742,False,Tier-1,2424.6430846629114,5.366287904357194
743,False,Tier-1,715.2145582780058,-7.379521340760342
744,True,Tier-1,1823.6985876297067,-2.9154525677079803
745,False,Tier-1,693.6887676462253,-9.548346204220202
746,False,Tier-2,884.4280075352788,2.009914364088547
747,False,Tier-1,1307.4102476670016,-1.0321578373436973
748,False,Tier-1,649.706926639762,-11.669947697400271
749,False,Tier-2,631.1916380866709,-10.380390922161965
750,False,Tier-1,1349.2139088797803,-9.049491112059943
751,False,Tier-1,994.1915916638453,-8.973330004655674
752,False,Tier-1,334.09137124183775,-2.3816346120984058
753,False,Tier-1,483.04795321717853,-8.704092773460971
754,False,Tier-2,1647.6385817555715,8.778695257285229
755,False,Tier-1,1004.6655388042032,-4.295479159312029
756,False,Tier-1,594.9956362837939,-7.275992667952503
757,False,Tier-1,776.5475637621768,-2.4392129744573436
758,False,Tier-1,843.4484142000332,-18.471414874762115
759,True,Tier-1,2675.570430677739,10.57319578642441
760,False,Tier-2,1167.5026421625525,-4.760975580269713
761,False,Tier-1,455.01196386871794,-0.7857740987398953
762,False,Tier-2,574.2788777703887,-4.438436284284179
763,True,Tier-1,1964.5830018293047,-1.8078586903649398
764,False,Tier-1,948.0169010398457,1.9387640241912925
765,False,Tier-1,801.605570301785,-6.754792342756071
766,True,Tier-2,2327.456590135492,0.24132231233833856
767,False,Tier-2,1084.5049262746497,-4.194508612712165
768,True,Tier-1,1975.1144624655192,2.931004644139688
769,False,Tier-1,482.1541671153247,-0.30650437020015797
770,False,Tier-2,984.6144515791298,-4.276038522176287
771,False,Tier-1,1370.258749488436,0.13430032307214246
772,False,Tier-1,1043.7868560485288,0.9974659854000549
773,False,Tier-1,892.6035447057176,0.7491221708439255
774,False,Tier-2,803.0320446813818,-3.5137824483278246
775,True,Tier-2,2738.7162144842564,15.150982802683444
776,False,Tier-1,575.8569169482304,-4.20579687711059
777,False,Tier-2,811.709789277628,-6.524128639410842
778,False,Tier-1,1477.9479351106038,6.163379514059602
779,False,Tier-1,794.7117041039394,-5.952851344844554
780,False,Tier-1,561.7913093761384,-7.19550122053296
781,False,Tier-1,671.8472785043132,2.1265985372537033
782,False,Tier-1,917.7498640866554,3.595555275204025
783,False,Tier-1,708.720294596201,-6.227180955112381
784,False,Tier-1,1043.0753729137332,-5.779219180483594
785,False,Tier-2,1060.8459478647994,1.9465708066955125
786,False,Tier-1,1250.8575957967655,2.152888278684819
787,False,Tier-1,1591.04132626876,2.45017260387152
788,False,Tier-2,1312.4864445837356,-4.965536271545212
789,False,Tier-2,550.6694179304662,-7.792226040248676
790,False,Tier-2,558.3308677154961,-9.49795963497992
791,False,Tier-2,810.3328393978368,-10.69509245994766
792,False,Tier-2,684.380007416417,-7.735812574997863
793,False,Tier-1,502.3490583296995,-6.510151582429741
794,True,Tier-1,1847.1348174408902,1.0440389276605915
795,True,Tier-2,2107.8955889610497,7.5262288774706105
796,False,Tier-1,687.3069108384946,0.08655297099752701
797,True,Tier-1,2027.3991531577233,9.212617416273474
798,False,Tier-1,677.2303190047196,-7.819463651297592
799,False,Tier-1,619.6846735510438,-3.1194793679151647
800,False,Tier-1,727.3712240331301,-5.647287497700133
801,False,Tier-1,1424.8831981772428,-6.6357285846771905
802,False,Tier-2,917.0842640801006,-3.155743272135841
803,False,Tier-2,2550.019600857319,7.274750734377917
804,False,Tier-1,905.3041134536631,8.354108640710468
805,False,Tier-2,735.8399547055946,-0.682990323227818
806,False,Tier-1,840.0001225274588,-1.5803125123730846
807,False,Tier-2,941.0192824383039,-5.0820575113180455
808,False,Tier-2,1019.8455989437906,-4.87868821042496
809,False,Tier-1,2134.6593057013474,0.2027631501798668
810,False,Tier-2,573.1503259549435,-17.96579780562538
811,True,Tier-2,1665.9045492470404,-4.891623428696877
812,True,Tier-2,2051.0432822165317,2.313696889614727
813,False,Tier-2,1234.1194103607013,-14.510805385424685
814,False,Tier-1,920.6040304433986,-7.212840995081931
815,False,Tier-1,413.45482423870726,-9.786490848977847
816,False,Tier-2,1186.0179240273155,-5.44505365247414
817,False,Tier-2,1483.2232093824734,-5.298896593146311
818,False,Tier-2,570.1006127274484,-11.00282844735279
819,False,Tier-1,835.0753831164353,3.4440079282854166
820,False,Tier-1,385.7281406922446,-5.459512744274403
821,True,Tier-1,3550.7887433415385,13.748741784976183
822,False,Tier-2,475.8388914744062,-10.391092087279942
823,False,Tier-1,1343.6640814375426,-1.2483183040263688
824,False,Tier-2,679.7022351650047,-12.258223564646094
825,False,Tier-2,509.0676430794288,-13.629174221349217
826,True,Tier-1,1674.8687492393624,6.5955058182830895
827,False,Tier-1,929.6418500627527,-6.517851364347433
828,False,Tier-1,662.7889716381529,-12.027234439314508
829,False,Tier-2,678.3561835807724,-8.644916528966409
830,False,Tier-2,1169.3916695992355,-3.910882154825873
831,False,Tier-1,497.085592206525,-17.74290066058235
832,False,Tier-1,557.8710791859487,-7.59682743286375
833,False,Tier-1,898.6361606967309,-0.32707531995022565
834,False,Tier-1,1296.9577989380941,0.7757450418485439
835,False,Tier-2,1463.6877352541862,9.00241318074297
836,False,Tier-2,621.5799023139344,-2.627877647193004
837,False,Tier-1,1278.3965491051374,5.615778239329992
838,False,Tier-2,589.1484613116769,4.857553092799674
839,False,Tier-1,1907.0950491867816,7.1914774251018665
840,False,Tier-2,503.3799632507178,-9.013673531596128
841,True,Tier-1,2059.9739848916424,9.492429069024425
842,False,Tier-2,1524.4023420369938,-4.457027707944393
843,False,Tier-2,623.9832296455572,-8.32576684262607
844,False,Tier-1,2074.557475634651,1.5017573124202634
845,True,Tier-2,2649.0142017066587,9.325972124202302
846,False,Tier-2,1094.0444014493696,-8.363254505769518
847,False,Tier-1,530.7731951796561,-11.044521215136715
848,False,Tier-1,662.8408556958126,-4.485970966171353
849,False,Tier-2,1191.6256935803176,-5.01161593252567
850,False,Tier-1,1346.4573384176417,-10.722011248507975
851,False,Tier-1,812.1785654967831,-12.63642035985156
852,False,Tier-1,855.4592565935874,-10.748722681823992
853,False,Tier-2,1179.4471670740456,-8.835346471242882
854,False,Tier-1,889.6708231342182,-2.6665810447984386
855,False,Tier-1,468.46671525435715,-7.013636319872338
856,False,Tier-2,581.5540572765584,-3.8772349605569127
857,False,Tier-1,932.0124891086067,-0.6359552496876657
858,False,Tier-2,1448.8266891171756,3.09406401658532
859,False,Tier-1,1734.9507943638798,5.06552303494128
860,False,Tier-2,1190.7402837278612,-3.281745461985037
861,False,Tier-2,954.1520907187128,-0.726088840077395
862,False,Tier-1,1174.39510433654,2.1361605161274433
863,False,Tier-2,621.1076137080611,-7.00672652983093
864,False,Tier-1,782.5738605135671,0.7598859611438735
865,False,Tier-1,578.6416742190828,-18.955872096029694
866,False,Tier-1,477.99872527070494,-9.484390345801986
867,False,Tier-2,974.2220896241538,-7.5912398885308
868,False,Tier-1,911.4376868429127,1.1988516048857791
869,True,Tier-1,2557.243371874102,16.45885768248129
870,False,Tier-1,1142.513408195191,-9.96685386275516
871,False,Tier-1,1072.0120308871715,3.7758678405783765
872,True,Tier-1,1822.7909426762465,-3.130962665986747
873,False,Tier-1,935.1735832611298,-10.080751838980449
874,False,Tier-1,1077.0916166475804,-4.4107598557215555
875,False,Tier-1,822.488784932646,-6.86718635846713
876,False,Tier-2,1009.6342023662288,-13.571077056919929
877,False,Tier-1,604.7270863415102,-3.7688577190704584
878,False,Tier-2,990.2029350749514,-2.5374286730327538
879,False,Tier-1,1132.6668765765708,2.4754787161655445
880,False,Tier-1,620.2890616624267,-9.061028432855288
881,False,Tier-1,858.225327999561,-5.18817522813113
882,False,Tier-1,633.2853504541387,-6.941917298145479
883,False,Tier-1,661.5689606837088,1.8764646155466176
884,False,Tier-2,505.3867767653943,-23.984193976308312
885,False,Tier-1,1481.9898497835613,-4.784867223942401
886,False,Tier-1,1354.3820384912801,-0.9933037553761457
887,False,Tier-1,1067.8338912764136,-8.74124432163158
888,False,Tier-1,2036.5865363789057,3.145026227410285
889,False,Tier-1,769.9931949280561,-6.326496399690472
890,False,Tier-1,3280.776224885158,11.101714977853547
891,False,Tier-1,756.8416144410967,-5.478986731223239
892,False,Tier-1,940.469528348007,-1.1915616616922522
893,False,Tier-2,701.0240392450766,-9.429204188459773
894,True,Tier-2,888.5514515683008,-9.013626334562648
895,False,Tier-1,991.3709097263813,-4.7539215827236845
896,False,Tier-2,1221.1752064683842,-4.123844358746248
897,False,Tier-2,796.5420039652706,-16.18532607221532
898,False,Tier-1,1865.0929532332,5.372448938406618
899,False,Tier-2,933.7039505900304,-8.641438819779104
900,False,Tier-2,946.9636085046143,0.027319964826795218
901,False,Tier-2,556.9599186361587,-6.445117549963731
902,False,Tier-2,1012.1851868411422,0.09174923856203909
903,True,Tier-1,2120.9513367253535,0.056527447962911204
904,False,Tier-1,789.3659206923124,-7.398070117664008
905,False,Tier-1,637.6785793699385,-12.966928079592911
906,False,Tier-1,591.1848579112421,-10.652541458622068
907,False,Tier-1,2790.1084956782424,16.72533081070352
908,False,Tier-2,744.6970399808986,-0.46103506780571024
909,False,Tier-1,435.24052145017055,-14.11480657968631
910,False,Tier-1,612.3736182816496,-9.248463672598596
911,False,Tier-2,819.2069291990343,-7.683387203792846
912,False,Tier-1,1072.2798966651571,-0.34979689489521126
913,False,Tier-1,1076.2097700352078,-12.045437434666173
914,False,Tier-2,1136.8525350441441,-12.776244404554415
915,False,Tier-1,627.25622064181,-4.389883792768883
916,False,Tier-1,977.247982382788,-13.783273262792694
917,True,Tier-1,933.3375147436352,-6.623351190010645
918,False,Tier-2,565.2767768098113,-8.52339101999268
919,False,Tier-1,634.4147359075954,-4.7024165403390255
920,False,Tier-1,554.7808672435068,-8.12640781703648
921,True,Tier-1,2823.0985418756227,8.899940462501956
922,False,Tier-1,491.15868155502295,-3.7039405262427945
923,False,Tier-2,1353.4829479570374,-1.6021710617802882
924,False,Tier-1,1143.0066776019514,-5.947093966207063
925,False,Tier-2,1301.1993004746043,-3.2578553900573484
926,False,Tier-1,853.4040532036668,-3.112986738355077
927,False,Tier-1,1189.282787700579,6.2493842315961645
928,False,Tier-2,379.540764885343,-6.8881198167247355
929,False,Tier-1,1236.3658923625253,4.107647141404547
930,False,Tier-1,908.001621153411,-7.645088289536237
931,False,Tier-2,1111.8066241868798,-7.582525815045349
932,False,Tier-1,994.8109559432506,-5.07447659378432
933,False,Tier-1,537.7358319901922,-8.272040854534659
934,False,Tier-2,427.27350776523804,-15.478001004157921
935,False,Tier-1,608.5736045335652,-0.657807308212762
936,False,Tier-1,1081.1223755233984,1.209672915715772
937,False,Tier-1,1143.7680264974415,-4.234309371793379
938,False,Tier-1,453.03447017373014,-5.023235270806266
939,False,Tier-1,539.1789530352805,-6.428136837963941
940,False,Tier-2,605.5191455116042,-5.412771208515668
941,False,Tier-1,713.9086145977499,-12.866330978111527
942,False,Tier-2,454.2371264415737,-10.95047263171996
943,False,Tier-1,442.13662725339475,-8.609163898767193
944,False,Tier-1,579.2396858578907,-4.1039362923439935
945,False,Tier-1,871.6225431268451,-8.02527193816128
946,False,Tier-2,492.88446103433324,-22.41264220940269
947,False,Tier-1,795.8658655437054,-10.897635941330336
948,False,Tier-1,1350.0420347134313,-1.3609679281124607
949,False,Tier-2,466.7255318564084,-9.80283889489745
950,False,Tier-1,764.0564311678463,2.6751277852023163
951,False,Tier-1,1329.6656128520435,1.6949928288414684
952,False,Tier-2,694.5898064968042,-7.891694429133494
953,False,Tier-1,647.6761996861845,-6.836611063683087
954,False,Tier-1,1415.3262614278287,4.987462725005719
955,False,Tier-1,730.5161250747936,-8.962487537454216
956,False,Tier-1,1378.2433077599044,-1.5315367538891342
957,False,Tier-1,1016.963663714449,-9.166645568241291
958,False,Tier-2,718.5692963294119,-1.0129796631535593
959,False,Tier-1,1040.4441614467034,-1.5700163006836787
960,False,Tier-2,968.4961636748369,-9.64571144788641
961,False,Tier-2,1327.3496782216296,-3.809541903083878
962,False,Tier-2,655.0992484248973,-6.067016473834796
963,False,Tier-2,854.1313354610643,-8.276608157188239
964,False,Tier-2,815.5479223291236,-10.00403400719539
965,False,Tier-2,1151.025892640165,-7.919225566065712
966,False,Tier-1,528.5892171132725,-5.932541044153621
967,False,Tier-1,1325.0187804119919,-3.0461854300228657
968,False,Tier-1,1034.20695814505,-5.851197285918705
969,False,Tier-1,463.55542510613225,-14.827929651693346
970,False,Tier-1,1444.1273556177866,0.08515745031276634
971,False,Tier-2,2291.321780748479,3.5683927747629163
972,True,Tier-1,1911.1325941220325,1.824754732501062
973,False,Tier-2,1316.020286191934,-2.3340486002863106
974,False,Tier-1,1593.4956209137683,4.631912003724261
975,False,Tier-1,871.2764865377372,-1.3780250252611346
976,False,Tier-1,396.97171314563593,-5.916648067601474
977,False,Tier-1,365.65418516841174,-10.134182189096688
978,False,Tier-1,940.4224227730149,-7.167676574787466
979,False,Tier-1,642.3618518217808,-11.936747669303315
980,False,Tier-1,555.5635007131211,-10.377338808250816
981,False,Tier-1,815.0962730635108,-5.237043617074441
982,False,Tier-1,1106.0557857950118,-6.939048599167694
983,False,Tier-1,436.0693736054357,-7.887223592834675
984,False,Tier-1,685.0880097407157,-11.202643588898969
985,False,Tier-1,1654.053213888477,-6.928598011192669
986,False,Tier-1,516.803367965913,-3.6246067292140953
987,False,Tier-1,1240.084466882694,-4.307461519033046
988,True,Tier-1,2451.6373124212973,3.5718659559855492
989,False,Tier-2,674.1235466920457,-13.9323116102162
990,False,Tier-2,1071.8586026747707,-3.1660155822152065
991,False,Tier-2,1373.8051063831383,4.0089151311395685
992,False,Tier-1,1170.421285024773,-4.508063302097914
993,False,Tier-1,1262.2663333251826,-2.835750483976823
994,False,Tier-1,499.3589373393969,-2.503033579104838
995,False,Tier-2,1383.9390670940522,-11.836780262304519
996,False,Tier-2,571.2519403765095,0.5482944603100366
997,False,Tier-2,942.3116278682631,5.902930257312577
998,True,Tier-2,1385.7209486104955,-16.301984335481826
999,False,Tier-1,941.7624105435887,-4.80948113750045
1000,False,Tier-2,1042.9905473330214,-9.106875057949022
1001,True,Tier-2,1140.0836582940703,-6.059253865436482
1002,False,Tier-1,975.7171555149707,-6.1422523812252265
1003,False,Tier-2,573.5400394990301,-5.2089484688763426
1004,False,Tier-1,456.7343381819908,-8.765039106649404
1005,False,Tier-2,1241.529227169978,-8.478366530905333
1006,False,Tier-2,911.5694646650609,-7.424434366420509
1007,False,Tier-1,1406.3624383827587,1.9687564146087437
1008,False,Tier-2,821.7304488112966,-13.200827325601413
1009,False,Tier-1,445.5093695396406,-16.523157765798153
1010,False,Tier-2,1295.0448373370177,6.468008425607366
1011,False,Tier-2,709.7235061005518,-11.390409627003141
1012,False,Tier-2,977.9355776563223,-6.719344590612411
1013,False,Tier-2,626.5230076054752,-10.832857245549437
1014,False,Tier-1,1757.2019294281288,4.9419896785703665
1015,False,Tier-1,565.148240684856,1.5290712636686914
1016,False,Tier-1,720.3223723364339,-3.1938160899274823
1017,False,Tier-1,879.9755796790377,-12.40808537753303
1018,False,Tier-1,512.8893825281846,-14.673566352082549
1019,True,Tier-1,1964.1905005098877,1.862635850179145
1020,False,Tier-1,972.8948693200308,-5.414071320371461
1021,False,Tier-1,1731.7746230041298,-6.611623640965338
1022,False,Tier-2,672.3871348666404,-4.380262597460049
1023,False,Tier-1,1001.6025127442391,-9.274846964718854
1024,False,Tier-2,243.30025960168965,-4.44315438982308
1025,False,Tier-1,823.8793508274917,3.838133515383163
1026,False,Tier-1,728.270985556066,-7.271164055977733
1027,False,Tier-1,580.1103357059241,-5.020318389527059
1028,False,Tier-1,1364.0247069533498,-7.103602732059585
1029,False,Tier-1,723.957423819919,-2.9460232543104508
1030,False,Tier-1,774.0816595479467,-8.154373118053652
1031,False,Tier-1,707.5479823923666,-11.63185702606821
1032,False,Tier-1,353.88609584755136,-10.471650451749884
1033,False,Tier-1,503.78437163868904,-10.154529346182677
1034,False,Tier-1,1292.1132163571542,-3.1449555614269125
1035,False,Tier-2,324.4282652857331,-6.512238640897715
1036,False,Tier-1,593.8936917226079,-11.031452706663176
1037,False,Tier-2,700.4116370791938,0.42234381823755474
1038,False,Tier-2,1837.5199364372202,-5.781202949894381
1039,False,Tier-2,1184.9003236665617,3.700289677960096
1040,False,Tier-2,652.5028476062186,-13.718594605949097
1041,True,Tier-1,1798.1760654286088,2.524278083480418
1042,False,Tier-1,1508.0510551735579,-2.2426364032670105
1043,False,Tier-1,600.8288516093518,-8.768076822079834
1044,False,Tier-2,1320.3302216218453,0.7133636774871315
1045,True,Tier-1,1567.3583746228715,8.181936705861649
1046,False,Tier-1,454.88629191667064,-2.2643504171538
1047,False,Tier-2,1359.0052330606284,-5.008304074489587
1048,False,Tier-1,698.3930827463638,-5.347643503271698
1049,False,Tier-1,527.7988958519396,-11.54406247879167
1050,False,Tier-2,760.3870763590795,-12.730719229266214
1051,False,Tier-1,949.8908862154817,-9.988441716184866
1052,False,Tier-1,671.0914701100828,-8.67519905130536
1053,False,Tier-2,1075.8015796708464,-4.001623484823893
1054,False,Tier-1,644.9643170484005,-16.255425539635695
1055,False,Tier-1,1108.441016866999,-3.2203046552332113
1056,False,Tier-1,1023.0484938797715,3.90844929652042
1057,False,Tier-2,815.7654426335749,-1.7203853908261495
1058,False,Tier-1,687.4026365471896,-9.282763567521187
1059,False,Tier-2,897.6099309528918,-13.659549376056173
1060,False,Tier-2,1074.0119749573678,-2.9648169452822994
1061,False,Tier-1,2120.3826766662346,-6.480144114972998
1062,False,Tier-1,1279.5726453138952,3.9312874646591736
1063,False,Tier-1,1300.8038752610216,-2.517570564593404
1064,False,Tier-2,3365.637681197598,22.225538775202413
1065,False,Tier-1,1057.5641331160996,-12.030378640218906
1066,False,Tier-1,1042.7657326321373,1.0767927098308903
1067,False,Tier-1,1150.956970935827,-3.150952693849751
1068,False,Tier-2,532.4598792395396,-11.251637900709461
1069,True,Tier-1,1863.1195688905275,-3.8003250522018774
1070,False,Tier-2,686.623772629698,-5.384334562669208
1071,False,Tier-1,667.6513261993505,-3.1341667437862823
1072,False,Tier-2,1122.1127040243105,4.046476364758557
1073,False,Tier-1,775.2330451024411,-0.6139486021428842
1074,False,Tier-1,892.2468053954682,-7.687566478880305
1075,False,Tier-2,1367.7151045354624,-7.93365635906925
1076,False,Tier-2,1236.401066602659,-10.807312912056034
1077,False,Tier-1,779.589726114332,1.7467752598466326
1078,False,Tier-1,620.2015134431181,-10.78532359110976
1079,False,Tier-1,1397.4659918646985,6.724813002508749
1080,False,Tier-1,1187.7229574389887,0.27107958655686737
1081,False,Tier-1,406.9647906641556,-6.9508315439823285
1082,False,Tier-2,728.2343953430073,-9.564530677322807
1083,False,Tier-1,903.2724265202961,-1.3265203000917518
1084,False,Tier-2,1190.3654183518079,-4.4104947446349225
1085,False,Tier-1,1262.8014604893337,-3.599719050694757
1086,False,Tier-1,952.699887890949,-0.7544412408967824
1087,False,Tier-2,1091.0585269415108,-5.847456607838941
1088,False,Tier-1,862.9906024087173,-8.94381335168977
1089,False,Tier-2,619.1261081846097,-5.903921534485241
1090,False,Tier-1,745.4389686633259,-6.212480806101594
1091,False,Tier-2,845.6353805940138,-4.646431173724242
1092,False,Tier-2,825.4565093810997,-9.52171149398751
1093,False,Tier-2,358.8966390448469,-17.030497688311378
1094,False,Tier-1,701.1169735402564,2.428241323628053
1095,False,Tier-1,859.9160639264223,2.7563212879638757
1096,False,Tier-1,738.7250125221075,-1.527339370778709
1097,False,Tier-1,750.2988040053348,-7.792727272094063
1098,False,Tier-1,1044.3378815054095,-5.002951091027461
1099,False,Tier-1,515.950848622397,-0.816820258803876
1100,False,Tier-1,402.99463299617133,-10.40125740113307
1101,True,Tier-1,4166.534577685105,18.313432162478982
1102,False,Tier-1,716.8494415309854,3.239904633164773
1103,False,Tier-1,1182.5089901304304,-2.6343807642912926
1104,False,Tier-1,1791.7375176444523,11.319962506459472
1105,False,Tier-2,1192.1336312573392,-11.310954780656672
1106,False,Tier-1,433.037161899341,-5.800842568148138
1107,False,Tier-1,755.1957466937408,4.540914692367626
1108,False,Tier-1,941.0795860031435,-4.1786738659459175
1109,False,Tier-2,908.1942097534359,-7.910533060576869
1110,False,Tier-1,1068.7331877136291,-9.14495836354844
1111,False,Tier-1,554.9456686340125,-2.004783656017039
1112,False,Tier-2,863.3037766565888,-10.800274477216103
1113,False,Tier-1,1013.0162179146475,-4.225977330898138
1114,False,Tier-2,1215.7229136487902,-10.302792367038112
1115,False,Tier-2,583.4560138139807,-1.403943166266366
1116,True,Tier-1,2333.1319520145244,12.583417892479233
1117,False,Tier-1,717.822016366084,-6.271411892402358
1118,False,Tier-2,248.34633510679956,-17.64003827434562
1119,False,Tier-2,633.8956526073556,-1.105363810193369
1120,False,Tier-1,662.1919964068501,-8.38818694124631
1121,False,Tier-1,529.9216745903806,-13.142715084629923
1122,False,Tier-1,903.3117284850201,-13.440160511747933
1123,False,Tier-1,817.5947482768078,-8.545131950519789
1124,False,Tier-2,303.3526516577793,-18.702433676652838
1125,False,Tier-1,923.823306565178,-7.579582007358074
1126,False,Tier-2,552.1370981502969,-5.716923823574424
1127,False,Tier-2,1043.2564187955938,-7.387013746776791
1128,False,Tier-2,470.9298662638772,-8.310158436585802
1129,False,Tier-2,849.8375238892569,-10.674037383812479
1130,False,Tier-2,738.1291007077334,-7.62518613978235
1131,False,Tier-2,960.9650968890104,3.436160608276815
1132,False,Tier-2,886.832402232849,-8.503835449537066
1133,True,Tier-1,2488.558103706543,9.974547740485264
1134,False,Tier-1,747.4880823169336,-13.703795756072097
1135,False,Tier-1,419.98529518019484,-0.8956513037394629
1136,False,Tier-2,431.2977371031136,-12.791715525164793
1137,False,Tier-2,644.7051741254753,-3.4457546347290675
1138,False,Tier-1,835.3211759407613,-5.789396348533811
1139,True,Tier-1,2339.728632525297,9.919661608041032
1140,False,Tier-1,637.676221214793,-3.3995923714920275
1141,False,Tier-2,1110.8576007353104,-7.231405168946477
1142,False,Tier-1,739.4397662681563,-0.4810139683108643
1143,False,Tier-1,543.0962250972373,-11.306218796452974
