time/iterations,time/fps,rollout/ep_rew_mean,time/total_timesteps,time/time_elapsed,rollout/ep_len_mean,train/clip_fraction,train/entropy_loss,train/approx_kl,train/explained_variance,train/learning_rate,train/policy_gradient_loss,train/clip_range,train/n_updates,train/value_loss,train/loss,eval/mean_reward,eval/mean_ep_length
1,850,9.664827070588236,1024,1,12.0,,,,,,,,,,,,
2,505,10.22644078,2048,4,12.0,0.05576171875,-1.6031607419252396,0.013133407,0.0033799409866333008,0.0003,-0.008801509893964976,0.2,10,18.686749240756036,2.0713534355163574,,
3,425,10.192448500000001,3072,7,12.0,0.00791015625,-1.5929355137050152,0.0060350643,0.019292771816253662,0.0003,-0.0038954732212005184,0.2,20,15.091114629805087,1.7459992170333862,,
4,409,10.19332831,4096,10,12.0,0.02783203125,-1.5639943279325963,0.007513648,0.06412285566329956,0.0003,-0.006949474546127021,0.2,30,12.994437609612941,2.093909978866577,,
,,,5000,,,0.01640625,-1.528062541037798,0.010285192,0.06878066062927246,0.0003,-0.006454106626915745,0.2,40,10.611463057994843,2.21321964263916,11.21980435,12.0
5,421,10.616332889999999,5120,12,12.0,,,,,,,,,,,,
6,410,10.581451450000001,6144,14,12.0,0.03349609375,-1.5235409006476401,0.008447187,0.03339195251464844,0.0003,-0.0026127478282433002,0.2,50,11.351677079498767,1.3395471572875977,,
7,424,10.89208632,7168,16,12.0,0.0966796875,-1.4971596375107765,0.01610479,0.06583750247955322,0.0003,-0.010942452112794853,0.2,60,7.656154155731201,1.6039607524871826,,
8,419,10.9600008,8192,19,12.0,0.01796875,-1.4851284056901932,0.006963133,0.09992033243179321,0.0003,-0.0026559879537671805,0.2,70,6.746687868237496,0.9792210459709167,,
9,403,10.93363452,9216,22,12.0,0.0328125,-1.4689667418599128,0.008159695,0.3830435872077942,0.0003,-0.006359569501364603,0.2,80,5.183295064419508,0.579033613204956,,
,,,10000,,,0.10419921875,-1.4751855589449405,0.010071061,0.21100449562072754,0.0003,-0.007572754906868795,0.2,90,15.539153388887645,6.457783222198486,12.0076574,12.0
10,386,10.95450326,10240,26,12.0,,,,,,,,,,,,
11,394,11.051861999999998,11264,28,12.0,0.07822265625,-1.4542893797159195,0.0110937925,0.8367892503738403,0.0003,-0.008659619526588358,0.2,100,3.1633197590708733,0.31190550327301025,,
12,388,11.127014059999999,12288,31,12.0,0.07939453125,-1.4215826511383056,0.013252597,0.8888682723045349,0.0003,-0.0081669908890035,0.2,110,2.3172526182606816,0.25990450382232666,,
13,395,11.119195580000001,13312,33,12.0,0.08154296875,-1.3969872772693634,0.0076701,0.35827261209487915,0.0003,-0.004743001188035123,0.2,120,11.674760316684843,7.2402801513671875,,
14,388,11.34758612,14336,36,12.0,0.11123046875,-1.3413535878062248,0.014584445,0.9413923621177673,0.0003,-0.016483400427387097,0.2,130,1.4913776284083724,0.1901298612356186,,
,,,15000,,,0.056640625,-1.2768091231584549,0.009813046,0.9560749530792236,0.0003,-0.009556775756936985,0.2,140,1.2464914795011282,0.17490841448307037,11.9226654,12.0
15,391,11.30666129,15360,39,11.98,,,,,,,,,,,,
16,383,11.290116920000001,16384,42,12.0,0.177734375,-1.2812345936894416,0.011905176,0.1137126088142395,0.0003,-0.01662067216821015,0.2,150,52.10370426625013,5.874243259429932,,
17,380,11.411026240000002,17408,45,12.0,0.0607421875,-1.2682589635252952,0.008666934,0.9553190469741821,0.0003,-0.009870552510255948,0.2,160,0.8150171663612127,0.1053473949432373,,
18,370,11.494385520000002,18432,49,12.0,0.06533203125,-1.262187161296606,0.008177586,0.3653767704963684,0.0003,-0.006030797999119386,0.2,170,14.98877065051347,0.17132988572120667,,
19,370,11.515537,19456,52,12.0,0.05966796875,-1.197911936789751,0.008719237,0.9678142070770264,0.0003,-0.00894771424937062,0.2,180,0.5799575618468225,0.10074193775653839,,
,,,20000,,,0.07373046875,-1.156321542710066,0.008596636,0.9767341017723083,0.0003,-0.01275757150433492,0.2,190,0.5428393919952214,0.09121393412351608,11.7481545,12.0
20,371,11.59594684,20480,55,12.0,,,,,,,,,,,,
21,355,11.6800623,21504,60,12.0,0.02939453125,-1.1350353226065635,0.007253724,0.9804956912994385,0.0003,-0.004348634375492111,0.2,200,0.47082325965166094,0.0800020843744278,,
22,360,11.600823800000002,22528,62,12.0,0.0962890625,-1.1287966169416905,0.00556386,0.3643019199371338,0.0003,-0.006413743284065276,0.2,210,18.473729043081402,0.10167837888002396,,
23,366,11.717735520000002,23552,64,12.0,0.042578125,-1.0872717276215553,0.007252748,0.9821972250938416,0.0003,-0.00580712990486063,0.2,220,0.29084848021157084,0.06522435694932938,,
24,365,11.63404154,24576,67,12.0,0.01435546875,-1.0676880698651074,0.004655318,0.9864385724067688,0.0003,-0.0030138491245452316,0.2,230,0.33316319570876657,0.09195514023303986,,
,,,25000,,,0.0384765625,-1.0234452310949564,0.0054071015,0.9887346029281616,0.0003,-0.0031616667489288374,0.2,240,0.2252023043576628,0.04053869843482971,11.718155549999999,12.0
25,369,11.708906030000001,25600,69,12.0,,,,,,,,,,,,
26,369,11.62667588,26624,71,12.0,0.1119140625,-1.0316351618617774,0.0059053097,0.37019842863082886,0.0003,-0.008869452826911584,0.2,250,20.98652727343142,17.670320510864258,,
27,368,11.65779724,27648,75,12.0,0.02548828125,-0.994848195835948,0.00568997,0.9881777167320251,0.0003,-0.0025389577698661015,0.2,260,0.21977667612954974,0.05413506180047989,,
28,366,11.623299619999997,28672,78,12.0,0.039453125,-0.9559951968491077,0.0074158516,0.9902904033660889,0.0003,-0.003705711668590084,0.2,270,0.1954713210463524,0.04846128448843956,,
29,370,11.691813710000003,29696,80,12.0,0.02548828125,-0.9134394224733114,0.0042823153,0.9905228614807129,0.0003,-0.002998720451432746,0.2,280,0.1866417176555842,0.09990844875574112,,
,,,30000,,,0.055078125,-0.8966354668140412,0.006401169,0.9915894269943237,0.0003,-0.005767316737910732,0.2,290,0.1584720375481993,0.036596089601516724,11.898464350000001,12.0
30,365,11.678627940000002,30720,84,12.0,,,,,,,,,,,,
31,368,11.710334419999999,31744,86,12.0,0.061328125,-0.8459776226431132,0.010230635,0.9926339983940125,0.0003,-0.005228852995787747,0.2,300,0.14433591440320015,0.03983718529343605,,
32,362,11.742096709999998,32768,90,12.0,0.0220703125,-0.7867347314953804,0.0039985264,0.9920684099197388,0.0003,-0.0020151209173491225,0.2,310,0.15907222898676993,0.03504892811179161,,
33,363,11.78790373,33792,93,12.0,0.0439453125,-0.6980239983648062,0.0059160963,0.9936391115188599,0.0003,-0.003620176593540236,0.2,320,0.12753952818457037,0.042953625321388245,,
34,366,11.7106161,34816,94,12.0,0.021484375,-0.6677779629826546,0.003744652,0.9933685660362244,0.0003,-0.0014831607608357445,0.2,330,0.13851376376114785,0.055653005838394165,,
,,,35000,,,0.0548828125,-0.6201477441936731,0.0059434255,0.9916900992393494,0.0003,-0.0034844025882193818,0.2,340,0.15365126389078795,0.05867095664143562,11.744156450000002,12.0
35,366,11.782476359999999,35840,97,12.0,,,,,,,,,,,,
36,365,11.76956872,36864,100,12.0,0.03095703125,-0.5867686215788126,0.0031430507,0.9935964345932007,0.0003,-0.0033727390022249893,0.2,350,0.12893112297169865,0.05206228420138359,,
37,364,11.838649300000002,37888,104,12.0,0.02919921875,-0.5708170102909207,0.0021160478,0.9944829344749451,0.0003,-0.00277264282485703,0.2,360,0.11516119460575283,0.027208371087908745,,
38,367,11.818993760000001,38912,105,12.0,0.02431640625,-0.5651002174243331,0.0021373862,0.9936888217926025,0.0003,-0.0024305507307872177,0.2,370,0.1282085209619254,0.05802811309695244,,
39,367,11.77612962,39936,108,12.0,0.01015625,-0.5619132373481989,0.0018715934,0.9940423369407654,0.0003,-0.00020855391630902886,0.2,380,0.12064505687449127,0.07854883372783661,,
,,,40000,,,0.0521484375,-0.5247706800699234,0.003561796,0.9936701059341431,0.0003,-0.005125601097824983,0.2,390,0.12660049344412982,0.05056068301200867,11.699054,12.0
40,370,11.78904047,40960,110,12.0,,,,,,,,,,,,
41,370,11.745921340000002,41984,113,12.0,0.0357421875,-0.4803943356499076,0.004902377,0.9950569868087769,0.0003,-0.00356093355367193,0.2,400,0.10152490455657244,0.05240341275930405,,
42,368,11.773981280000001,43008,116,12.0,0.0244140625,-0.47411124408245087,0.0019796502,0.9941888451576233,0.0003,-0.0015545406116871164,0.2,410,0.11790988617576659,0.02596539631485939,,
43,367,11.83957294,44032,119,12.0,0.04609375,-0.45415931697934864,0.00287792,0.9941003918647766,0.0003,-0.0024650133898830974,0.2,420,0.1200531757902354,0.04206112027168274,,
,,,45000,,,0.024609375,-0.42007121685892346,0.0017533437,0.9951446652412415,0.0003,-0.0018046458397293463,0.2,430,0.10106425357516854,0.048932868987321854,11.79135605,12.0
44,369,11.905995849999996,45056,121,12.0,,,,,,,,,,,,
45,368,11.832643250000004,46080,124,12.0,0.02099609375,-0.4317297523841262,0.0021308274,0.9954299330711365,0.0003,-0.002578674178221263,0.2,440,0.09688880091998726,0.03116913139820099,,
46,371,11.80492646,47104,126,12.0,0.0244140625,-0.4303431386128068,0.0023205858,0.9946206212043762,0.0003,-0.0010571774371783249,0.2,450,0.11195136294700206,0.03680047765374184,,
47,371,11.71938383,48128,129,12.0,0.022265625,-0.4309491585940123,0.0023357733,0.9949917197227478,0.0003,-0.002399355042143725,0.2,460,0.10458251442760229,0.050757996737957,,
48,373,11.763666159999998,49152,131,12.0,0.027734375,-0.4340321019291878,0.002485002,0.9948182702064514,0.0003,-0.0035198364916141146,0.2,470,0.11078041370492428,0.026330990716814995,,
,,,50000,,,0.0216796875,-0.4212773324921727,0.0054051047,0.9959378242492676,0.0003,-0.0004003142210422084,0.2,480,0.08923687189817428,0.030223781242966652,12.0095607,12.0
49,372,11.79011009,50176,134,12.0,,,,,,,,,,,,
50,368,11.84253402,51200,138,12.0,0.0076171875,-0.4103245781734586,0.001015217,0.9949862360954285,0.0003,-0.0005251361610135064,0.2,490,0.10686987729277461,0.04674848914146423,,
51,370,11.751471899999999,52224,140,12.0,0.02861328125,-0.42618516758084296,0.0033290174,0.9945797920227051,0.0003,-0.001597343388129957,0.2,500,0.1165440718177706,0.08275442570447922,,
52,373,11.819157410000003,53248,142,12.0,0.029296875,-0.45752595495432613,0.0024346998,0.9946097135543823,0.0003,-0.0017631859125685878,0.2,510,0.11452900790609419,0.04758038371801376,,
53,372,11.81621249,54272,145,12.0,0.01708984375,-0.4305958621203899,0.0019579753,0.9942514896392822,0.0003,-0.0006754701018508058,0.2,520,0.1254694632254541,0.050797030329704285,,
,,,55000,,,0.0439453125,-0.44458949714899065,0.003269393,0.9950250387191772,0.0003,-0.002710523983114399,0.2,530,0.11062162432353943,0.042548827826976776,11.957464599999998,12.0
54,374,11.811003740000004,55296,147,12.0,,,,,,,,,,,,
55,374,11.801224980000004,56320,150,12.0,0.0166015625,-0.4452712431550026,0.0008813356,0.9954685568809509,0.0003,-0.0015593585412716493,0.2,540,0.10020403191447258,0.07232397794723511,,
56,376,11.949303990000002,57344,152,12.0,0.0529296875,-0.4319550558924675,0.0034654913,0.9948475956916809,0.0003,-0.004768859138130211,0.2,550,0.11484579816460609,0.04763186722993851,,
57,375,11.82663229,58368,155,12.0,0.02900390625,-0.4612685749307275,0.0020514186,0.9954437017440796,0.0003,-0.002792807527293917,0.2,560,0.10208288892172276,0.0506482869386673,,
58,377,11.918177439999997,59392,157,12.0,0.02646484375,-0.4504148965701461,0.0025699898,0.9952619075775146,0.0003,-0.0017054660944268107,0.2,570,0.1063322409056127,0.02546534687280655,,
,,,60000,,,0.03720703125,-0.4103591997176409,0.0031620516,0.9955825209617615,0.0003,-0.003034244684386067,0.2,580,0.09935374245978892,0.03466922044754028,11.8845941,12.0
59,377,11.91576648,60416,160,12.0,,,,,,,,,,,,
60,376,11.786577349999998,61440,163,12.0,0.01083984375,-0.4260594639927149,0.00068209943,0.9953076839447021,0.0003,-0.00047653795627411455,0.2,590,0.10541886766441166,0.058004576712846756,,
61,375,11.792571940000002,62464,166,12.0,0.04482421875,-0.37853034157305954,0.0036949916,0.9957053065299988,0.0003,-0.0038176615591510197,0.2,600,0.09657602328807116,0.032469190657138824,,
62,377,11.83481116,63488,168,12.0,0.034375,-0.3513402552343905,0.005063446,0.9967787265777588,0.0003,-0.002026860640035011,0.2,610,0.07548046237789094,0.01604936458170414,,
63,377,11.769664979999998,64512,170,12.0,0.0177734375,-0.3610451818443835,0.001814761,0.9960930943489075,0.0003,-0.0020526515727397054,0.2,620,0.09051416502334178,0.04872211813926697,,
,,,65000,,,0.01474609375,-0.34310935549438,0.0023102548,0.9958858489990234,0.0003,-0.0019471456223982386,0.2,630,0.09382159423548728,0.04396664351224899,11.9626126,12.0
64,378,11.837690790000002,65536,173,12.0,,,,,,,,,,,,
65,378,11.812667690000001,66560,175,12.0,0.01279296875,-0.33211523909121754,0.0011693898,0.9962120652198792,0.0003,-0.001416268589673564,0.2,640,0.08762831485364586,0.04635997861623764,,
66,376,11.80263367,67584,179,12.0,0.01767578125,-0.32630553739145396,0.0012343975,0.9963934421539307,0.0003,-0.0007283542683580891,0.2,650,0.08512063666712492,0.03964594379067421,,
67,376,11.858557769999997,68608,182,12.0,0.02607421875,-0.34796704035252335,0.0017827859,0.9958676099777222,0.0003,-0.0013898376215365714,0.2,660,0.098602973530069,0.0398123674094677,,
68,377,11.8542731,69632,184,12.0,0.0419921875,-0.35788548896089195,0.003456788,0.9961500763893127,0.0003,-0.0043741865723859515,0.2,670,0.09189823507331311,0.02805962972342968,,
,,,70000,,,0.00830078125,-0.34827228635549545,0.001302636,0.9956188201904297,0.0003,-0.0005908681341679767,0.2,680,0.10317987892776728,0.054168589413166046,12.037454149999999,12.0
69,376,11.877443880000003,70656,187,12.0,,,,,,,,,,,,
70,378,11.914781940000001,71680,189,12.0,0.01826171875,-0.35529439048841593,0.0008507888,0.9955149292945862,0.0003,-0.0006008725395076908,0.2,690,0.10674282382242381,0.04416956007480621,,
71,377,11.784588369999996,72704,192,12.0,0.0169921875,-0.36246948447078464,0.0022272642,0.9960901141166687,0.0003,-0.0009760295535670594,0.2,700,0.09287481887731701,0.035612553358078,,
72,378,11.96030283,73728,194,12.0,0.01982421875,-0.35365786785259845,0.0018600464,0.9962470531463623,0.0003,-0.001694542431505397,0.2,710,0.08979695085436105,0.0311407633125782,,
73,378,11.75494998,74752,197,12.0,0.0294921875,-0.3480322607792914,0.0028570048,0.9959805011749268,0.0003,-0.002876517179538496,0.2,720,0.09576707344967872,0.054390616714954376,,
,,,75000,,,0.02021484375,-0.3689827751368284,0.0022200705,0.9945802092552185,0.0003,-0.0014113916986389086,0.2,730,0.12539063103031367,0.03408988565206528,11.9194111,12.0
74,379,11.83933554,75776,199,12.0,,,,,,,,,,,,
75,379,11.88999005,76800,202,12.0,0.03984375,-0.34168814970180394,0.004306353,0.9962854385375977,0.0003,-0.0026922885837848297,0.2,740,0.08971419837325811,0.018369222059845924,,
76,381,11.89651679,77824,204,12.0,0.0287109375,-0.33313335906714203,0.002826985,0.9967407584190369,0.0003,-0.0027145402505993842,0.2,750,0.07824891456402838,0.05361388623714447,,
77,381,11.8283162,78848,206,12.0,0.03798828125,-0.32649425622075795,0.0028846702,0.9957788586616516,0.0003,-0.0025526527024339885,0.2,760,0.10113287090789527,0.05841271951794624,,
78,380,11.907428029999998,79872,209,12.0,0.04033203125,-0.3522059751674533,0.0029841922,0.9959282279014587,0.0003,-0.0033373328653397037,0.2,770,0.0997803010744974,0.04347384721040726,,
,,,80000,,,0.023046875,-0.3297044741921127,0.0025486709,0.9966530203819275,0.0003,-0.0016800704906927422,0.2,780,0.081548426207155,0.039228275418281555,11.889389849999999,12.0
79,378,11.820597540000001,80896,213,12.0,,,,,,,,,,,,
80,378,11.8684251,81920,216,12.0,0.03447265625,-0.3365026589483023,0.0025847736,0.9953987002372742,0.0003,-0.0032803552159748504,0.2,790,0.11130552140530199,0.05519268289208412,,
81,379,11.900791960000001,82944,218,12.0,0.0419921875,-0.3592678658664227,0.0043097716,0.9955431818962097,0.0003,-0.0027274904365185647,0.2,800,0.10909583261236548,0.017220353707671165,,
82,381,11.894285750000002,83968,220,12.0,0.03388671875,-0.3506935367360711,0.0036050119,0.9968704581260681,0.0003,-0.004329851278453134,0.2,810,0.077129569160752,0.04179375618696213,,
83,380,11.953063329999999,84992,223,12.0,0.00986328125,-0.34125829199329016,0.0010227733,0.9959926009178162,0.0003,-0.0007329412255785428,0.2,820,0.09771911120042205,0.03620477020740509,,
,,,85000,,,0.025,-0.3724369330331683,0.0022114087,0.9957530498504639,0.0003,-0.001910083020629827,0.2,830,0.10376126789487898,0.06654702126979828,11.950259200000001,12.0
84,381,11.800857180000001,86016,225,12.0,,,,,,,,,,,,
85,381,11.714396580000003,87040,228,12.0,0.02041015625,-0.34417397184297444,0.002331113,0.9958714842796326,0.0003,-0.002119421116367448,0.2,840,0.10220264883246273,0.03790822625160217,,
86,381,11.80426957,88064,230,12.0,0.04873046875,-0.37306546065956353,0.0034836968,0.9968445897102356,0.0003,-0.005185933085158467,0.2,850,0.07808979379478842,0.029373204335570335,,
87,380,11.843863220000001,89088,234,12.0,0.045703125,-0.38094872012734415,0.002209762,0.9964918494224548,0.0003,-0.0038796038934378885,0.2,860,0.08924928416963666,0.03981027007102966,,
,,,90000,,,0.02666015625,-0.38823025971651076,0.0017777731,0.9968018531799316,0.0003,-0.001894405350321904,0.2,870,0.08086940350476653,0.04709110036492348,11.737857,12.0
88,380,11.82909934,90112,236,12.0,,,,,,,,,,,,
89,378,11.91660766,91136,241,12.0,0.039453125,-0.4295602472499013,0.003850846,0.9954308867454529,0.0003,-0.0035993723169667645,0.2,880,0.11477630725130439,0.053969819098711014,,
90,378,11.865154559999997,92160,243,12.0,0.023828125,-0.43574419505894185,0.0025905701,0.9962331056594849,0.0003,-0.0012763766979333013,0.2,890,0.0954930329695344,0.06845790147781372,,
91,379,11.890559780000004,93184,245,12.0,0.0279296875,-0.43408396691083906,0.0028855863,0.9957346320152283,0.0003,-0.002293342421762645,0.2,900,0.1083840262843296,0.05617818608880043,,
92,379,11.83642902,94208,248,12.0,0.04111328125,-0.4520478030666709,0.0020325475,0.9958019256591797,0.0003,-0.0015539604690275155,0.2,910,0.10637354757636786,0.07051345705986023,,
,,,95000,,,0.029296875,-0.43924004044383763,0.0034245406,0.996540904045105,0.0003,-0.0021767355065094307,0.2,920,0.08790524294599891,0.044401928782463074,11.802408549999999,12.0
93,378,11.900746550000001,95232,251,12.0,,,,,,,,,,,,
94,378,11.784565389999997,96256,254,12.0,0.02373046875,-0.43028282653540373,0.0024968486,0.9965780973434448,0.0003,-0.002481227391399443,0.2,930,0.08686195509508252,0.03442595154047012,,
95,379,11.729741590000001,97280,256,12.0,0.01884765625,-0.44111148435622455,0.0016444322,0.9955870509147644,0.0003,-0.00047045019455254077,0.2,940,0.11017591678537428,0.059237778186798096,,
96,379,11.79119644,98304,259,12.0,0.034765625,-0.46142918076366185,0.004692586,0.9970571994781494,0.0003,-0.0009142211842117831,0.2,950,0.0745092970551923,0.0402522087097168,,
97,380,11.831084240000001,99328,261,12.0,0.02548828125,-0.441053500212729,0.0034096194,0.996805727481842,0.0003,-0.0021296541031915694,0.2,960,0.08284511247184127,0.045285675674676895,,
,,,100000,,,0.01904296875,-0.41843534260988235,0.0030789017,0.9964544773101807,0.0003,-0.0019341561463079415,0.2,970,0.09119021873921156,0.034142009913921356,11.97237045,12.0
98,380,11.895553550000002,100352,264,12.0,,,,,,,,,,,,
99,379,11.862299299999997,101376,267,12.0,0.0138671875,-0.4081291867420077,0.001365324,0.9956642389297485,0.0003,-0.0007137969485484063,0.2,980,0.10938078088220209,0.035823483020067215,,
100,378,11.84154855,102400,270,12.0,0.0830078125,-0.3714901930652559,0.004689565,0.9967893958091736,0.0003,-0.007346055904054083,0.2,990,0.08112141825258731,0.0324038490653038,,
101,380,11.865622429999998,103424,272,12.0,0.0302734375,-0.34960051653906704,0.003500647,0.9963101744651794,0.0003,-0.0024753568359301426,0.2,1000,0.09512404790148139,0.039264511317014694,,
102,380,11.802388989999999,104448,274,12.0,0.0310546875,-0.3409857593476772,0.002197432,0.9965681433677673,0.0003,-0.002338392831734382,0.2,1010,0.08895717596169561,0.03620912879705429,,
,,,105000,,,0.02607421875,-0.3255029643885791,0.0030866086,0.9969275593757629,0.0003,-0.00176330291578779,0.2,1020,0.08015863504260778,0.008358819410204887,11.711229149999998,12.0
103,380,11.761280090000003,105472,277,12.0,,,,,,,,,,,,
104,380,11.80798667,106496,279,12.0,0.02490234375,-0.3094436015933752,0.0026322037,0.9964589476585388,0.0003,-0.0016158808895852417,0.2,1030,0.09189467974938452,0.03480497747659683,,
105,380,11.879330829999999,107520,282,12.0,0.01865234375,-0.3184326009824872,0.0024346947,0.9963909387588501,0.0003,-0.00010775455011753365,0.2,1040,0.09433696700725705,0.03777862340211868,,
106,380,11.866758830000002,108544,285,12.0,0.01748046875,-0.3264218755066395,0.0018883927,0.9957366585731506,0.0003,-0.0009305652580223978,0.2,1050,0.11144935779739171,0.05479960888624191,,
107,381,11.7908753,109568,287,12.0,0.0294921875,-0.31359484158456324,0.0029335585,0.99653160572052,0.0003,-0.0016385294304200216,0.2,1060,0.08902422599494457,0.02550376206636429,,
,,,110000,,,0.01279296875,-0.29320251997560265,0.0006848687,0.996390700340271,0.0003,-0.0007582359452499077,0.2,1070,0.09456805062945932,0.0407726988196373,11.79035595,12.0
108,381,11.829100950000003,110592,290,12.0,,,,,,,,,,,,
109,380,11.765404910000003,111616,293,12.0,0.0208984375,-0.28638085443526506,0.00055866526,0.9965622425079346,0.0003,-0.0019798548630205913,0.2,1080,0.08954154243692755,0.03631771355867386,,
110,380,11.962952130000001,112640,295,12.0,0.02568359375,-0.2799003801308572,0.0022376084,0.9962928295135498,0.0003,-0.001143356124521233,0.2,1090,0.09451430458575487,0.012863123789429665,,
111,381,11.906657070000001,113664,298,12.0,0.028125,-0.2577063980512321,0.0025924342,0.9964767098426819,0.0003,-0.002947916166158393,0.2,1100,0.09245903766714036,0.06651870161294937,,
112,380,11.8351307,114688,301,12.0,0.01640625,-0.23054009368643164,0.0004072741,0.9962887167930603,0.0003,-0.0013730088088777848,0.2,1110,0.10028412127867341,0.04958930239081383,,
,,,115000,,,0.036328125,-0.2556810605339706,0.00206075,0.9966623783111572,0.0003,-0.0019070058595389127,0.2,1120,0.087196179269813,0.016565319150686264,11.932523,12.0
113,380,11.865522920000004,115712,303,12.0,,,,,,,,,,,,
114,380,11.878779589999999,116736,306,12.0,0.009375,-0.2463231034576893,0.00083514943,0.9963610172271729,0.0003,0.0004885271904640831,0.2,1130,0.09754474847577513,0.04729178547859192,,
115,381,11.811681009999997,117760,308,12.0,0.04169921875,-0.22617045417428017,0.002805373,0.9963512420654297,0.0003,-0.004051989610888995,0.2,1140,0.09656593578401954,0.04003039747476578,,
116,381,11.853358929999999,118784,311,12.0,0.0171875,-0.2255123544484377,0.0020835022,0.9959290027618408,0.0003,-0.0008207575621781871,0.2,1150,0.10902656675316394,0.04543512687087059,,
117,382,11.87845802,119808,313,12.0,0.0255859375,-0.20134629202075302,0.002829682,0.9969418048858643,0.0003,-0.0007995641557499766,0.2,1160,0.0819426386617124,0.03299059718847275,,
,,,120000,,,0.01103515625,-0.20746607328765093,0.0010098603,0.9969653487205505,0.0003,-0.0009224452151102014,0.2,1170,0.08224158463999628,0.03222547471523285,11.924941200000001,12.0
118,381,11.924117169999999,120832,316,12.0,,,,,,,,,,,,
119,382,11.878484859999999,121856,318,12.0,0.01220703125,-0.21790429730899633,0.00074437255,0.9966222047805786,0.0003,-0.000678689283085987,0.2,1180,0.0904000078793615,0.02596178837120533,,
120,383,11.779551840000002,122880,320,12.0,0.01123046875,-0.22077730484306812,0.0016397403,0.9962949156761169,0.0003,-0.0008932968194130808,0.2,1190,0.09381142330821604,0.028875838965177536,,
121,382,11.88132575,123904,324,12.0,0.021875,-0.21759134717285633,0.001604551,0.9964568018913269,0.0003,-0.0020752286684000863,0.2,1200,0.09395985130686313,0.04776104912161827,,
122,382,11.89676411,124928,326,12.0,0.007421875,-0.21845130445435643,0.0010743518,0.9971505403518677,0.0003,-0.00044006980169797316,0.2,1210,0.07790989119093865,0.0383618101477623,,
,,,125000,,,0.0244140625,-0.20357809192501009,0.0034157417,0.995755136013031,0.0003,-0.002438602286565583,0.2,1220,0.11584624608512968,0.050678059458732605,11.871588500000001,12.0
123,383,11.893445539999998,125952,328,12.0,,,,,,,,,,,,
124,382,11.91716775,126976,331,12.0,0.0169921875,-0.20267286580055952,0.00074490084,0.996654212474823,0.0003,-0.0011635875402134844,0.2,1230,0.09142510844394565,0.0398981049656868,,
125,382,11.899391449999998,128000,334,12.0,0.01357421875,-0.2114754540845752,0.00073014456,0.9964947700500488,0.0003,-0.0008090538394753821,0.2,1240,0.09468339532613754,0.04310394078493118,,
126,381,11.90863827,129024,338,12.0,0.01435546875,-0.2056047865189612,0.00090181106,0.996268093585968,0.0003,-0.0012638177286135033,0.2,1250,0.10444903040770441,0.04769725725054741,,
,,,130000,,,0.02431640625,-0.23192595690488815,0.0014103663,0.9969272613525391,0.0003,-0.001405231625540182,0.2,1260,0.08398695952491834,0.04067365825176239,12.121153300000001,12.0
127,382,11.833365600000002,130048,340,12.0,,,,,,,,,,,,
128,381,11.9023229,131072,343,12.0,0.021484375,-0.23778907358646392,0.001968734,0.9962198138237,0.0003,-0.0014319948924821802,0.2,1270,0.10496472569648177,0.02805917337536812,,
129,382,11.868404700000001,132096,345,12.0,0.02685546875,-0.22290664818137884,0.0016088434,0.9966117739677429,0.0003,-0.0013816446356941015,0.2,1280,0.09432088425382971,0.05723024159669876,,
130,381,11.82087997,133120,348,12.0,0.01455078125,-0.23558588260784746,0.0013590942,0.9961094260215759,0.0003,-0.0010660167681635357,0.2,1290,0.10960547416470945,0.056706517934799194,,
131,382,11.92590939,134144,350,12.0,0.0064453125,-0.24188736220821738,0.0005566217,0.9971209168434143,0.0003,-8.906878938432782e-05,0.2,1300,0.08134307358413935,0.03776173293590546,,
,,,135000,,,0.02490234375,-0.24988165069371462,0.0019972636,0.9968109726905823,0.0003,-0.0023087587236659602,0.2,1310,0.08895436110906303,0.03950633108615875,12.02059905,12.0
132,381,11.807532199999995,135168,353,12.0,,,,,,,,,,,,
133,382,11.782091219999998,136192,355,12.0,0.0154296875,-0.26035788245499136,0.0011862603,0.996152937412262,0.0003,-0.00033669451077003034,0.2,1320,0.10216357740573585,0.0441625751554966,,
134,382,11.806366770000002,137216,358,12.0,0.01982421875,-0.2675834124907851,0.0017317393,0.9966439604759216,0.0003,-0.001585500518558547,0.2,1330,0.09182879223953933,0.042924318462610245,,
135,383,11.840822779999998,138240,360,12.0,0.02236328125,-0.28177602859213946,0.0022922046,0.9964742064476013,0.0003,-0.0014336111053125933,0.2,1340,0.10045607625506818,0.050785861909389496,,
136,383,11.92807868,139264,363,12.0,0.00966796875,-0.29599691163748504,0.0014491726,0.9975039958953857,0.0003,-0.0007343331351876258,0.2,1350,0.07089822788257152,0.03146747872233391,,
,,,140000,,,0.01015625,-0.29364741342142225,0.0015073207,0.9973382949829102,0.0003,-0.001385073599522002,0.2,1360,0.07557778127957135,0.03782987967133522,12.062338050000001,12.0
137,383,11.91255869,140288,365,12.0,,,,,,,,,,,,
138,383,11.781657759999998,141312,368,12.0,0.02431640625,-0.2866833176463842,0.002129763,0.9965618848800659,0.0003,-0.001082289197074715,0.2,1370,0.098483029124327,0.061894066631793976,,
139,383,11.809300919999998,142336,371,12.0,0.0083984375,-0.295860037766397,0.0007298905,0.997552752494812,0.0003,0.0002484124182956293,0.2,1380,0.0704682304058224,0.04405401647090912,,
140,383,11.829886970000002,143360,374,12.0,0.03837890625,-0.29525408782064916,0.0026420269,0.9962128400802612,0.0003,-0.00381071291922126,0.2,1390,0.10810438070911914,0.04062996804714203,,
141,383,11.677255110000003,144384,376,12.0,0.0107421875,-0.27778226463124156,0.0008682293,0.9969077110290527,0.0003,-0.0007155005951062776,0.2,1400,0.08808477325364947,0.04253404214978218,,
,,,145000,,,0.01796875,-0.2575110071338713,0.0012523457,0.996455192565918,0.0003,-0.0016700939144357108,0.2,1410,0.10182066068518907,0.07352188974618912,11.8630078,12.0
142,383,11.928617590000002,145408,379,12.0,,,,,,,,,,,,
143,382,11.96345284,146432,382,12.0,0.01572265625,-0.2702027895487845,0.000677951,0.9964305758476257,0.0003,-0.0009067421968211419,0.2,1420,0.10027930189389736,0.044049255549907684,,
144,383,11.84456995,147456,384,12.0,0.03154296875,-0.26369678964838383,0.0015195238,0.9969390034675598,0.0003,-0.0015404987731017171,0.2,1430,0.08531416286714374,0.04933421313762665,,
145,384,11.912087269999999,148480,386,12.0,0.0076171875,-0.2617473569698632,0.00070672476,0.996624767780304,0.0003,-0.00047612811176804825,0.2,1440,0.09841697537340224,0.027405908331274986,,
146,384,11.83263725,149504,389,12.0,0.018359375,-0.2509117089211941,0.0019988443,0.9968041777610779,0.0003,-0.001009262795560062,0.2,1450,0.0916134478058666,0.030826445668935776,,
,,,150000,,,0.0234375,-0.2652954555116594,0.0026393302,0.9967998266220093,0.0003,-0.000892219549859874,0.2,1460,0.09307607172522694,0.052093930542469025,11.68746825,12.0
147,384,11.930642649999998,150528,391,12.0,,,,,,,,,,,,
148,384,12.020501580000003,151552,393,12.0,0.01201171875,-0.24969124123454095,0.0007198024,0.9964996576309204,0.0003,-0.0004478206319618039,0.2,1470,0.10181052586995065,0.05958319082856178,,
149,384,11.85556726,152576,396,12.0,0.03359375,-0.23869922058656812,0.002129455,0.9970574378967285,0.0003,-0.0025365945970406757,0.2,1480,0.08078601974993944,0.03909849748015404,,
150,384,11.913331209999997,153600,399,12.0,0.02275390625,-0.24669241001829506,0.0008363481,0.9970636963844299,0.0003,-0.00044576644286280497,0.2,1490,0.08391949019860476,0.060460612177848816,,
151,385,11.865043090000002,154624,401,12.0,0.012109375,-0.23663247860968112,0.0010806001,0.995915412902832,0.0003,-0.001185028371401131,0.2,1500,0.1182234097737819,0.05147737264633179,,
,,,155000,,,0.0240234375,-0.21919780168682337,0.0024837195,0.9967337250709534,0.0003,-0.0018144917441532016,0.2,1510,0.0964371738024056,0.03322034329175949,11.991546800000002,12.0
152,384,11.82414507,155648,404,12.0,,,,,,,,,,,,
153,384,11.87843013,156672,407,12.0,0.02265625,-0.22603323282673954,0.003722327,0.9968571662902832,0.0003,-0.0018796774849761278,0.2,1520,0.09326607715338468,0.031417638063430786,,
154,384,11.8479852,157696,410,12.0,0.0189453125,-0.22747993255034088,0.0029715677,0.997515857219696,0.0003,-0.0022981672111200167,0.2,1530,0.07418077837210149,0.04106331989169121,,
155,385,11.88503676,158720,411,12.0,0.025,-0.2203069044277072,0.0036801305,0.9975333213806152,0.0003,-0.002777331945253536,0.2,1540,0.0728600342059508,0.017034592106938362,,
156,385,11.892180430000002,159744,414,12.0,0.02138671875,-0.2179464383982122,0.0027540228,0.9975234866142273,0.0003,-0.00023863876704126595,0.2,1550,0.07439040164463222,0.031164051964879036,,
,,,160000,,,0.024609375,-0.213718134816736,0.00080193335,0.9963893294334412,0.0003,-0.001627598676714115,0.2,1560,0.10918528945185244,0.033630307763814926,12.08408805,12.0
157,384,11.8780504,160768,417,12.0,,,,,,,,,,,,
158,384,11.90897084,161792,421,12.0,0.02568359375,-0.19077248191460966,0.002334292,0.9975129961967468,0.0003,-0.0015072714348207227,0.2,1570,0.07436349289491773,0.03646017238497734,,
159,384,11.846566600000001,162816,423,12.0,0.00517578125,-0.19743850538507104,0.00034004083,0.9968128204345703,0.0003,0.0001409167074598372,0.2,1580,0.09619715956505388,0.05082034319639206,,
160,384,11.802611919999997,163840,425,12.0,0.017578125,-0.17971765785478055,0.0009586691,0.9963950514793396,0.0003,-0.0014577103953342884,0.2,1590,0.10967518533580005,0.05739699304103851,,
161,385,11.890097349999998,164864,427,12.0,0.027734375,-0.20044893668964506,0.0018279189,0.9968401789665222,0.0003,-0.0025525052653392775,0.2,1600,0.09590747857000678,0.0537879541516304,,
,,,165000,,,0.0126953125,-0.1960566679481417,0.0023770572,0.9964106678962708,0.0003,-0.0022890942665981127,0.2,1610,0.11153960975352675,0.029082145541906357,11.82746305,12.0
162,385,11.824581129999999,165888,430,12.0,,,,,,,,,,,,
163,384,11.871222499999996,166912,433,12.0,0.01845703125,-0.18601585049182176,0.0016068928,0.9967101812362671,0.0003,-0.0007399849142530002,0.2,1620,0.10114735341630876,0.045427653938531876,,
164,384,12.080739189999997,167936,436,12.0,0.02548828125,-0.19261016799136996,0.0016982683,0.997313916683197,0.0003,0.00035964981361757964,0.2,1630,0.08156001658644527,0.031164906919002533,,
165,385,11.867785690000003,168960,438,12.0,0.02734375,-0.19571097046136857,0.0012031182,0.9968870282173157,0.0003,-0.0021854094171430915,0.2,1640,0.09344557865988463,0.01845894381403923,,
166,385,11.737350729999998,169984,441,12.0,0.00615234375,-0.17819627672433852,0.0005598573,0.9970770478248596,0.0003,-0.0005629681283608079,0.2,1650,0.08621908095665276,0.041263431310653687,,
,,,170000,,,0.0189453125,-0.1731007429305464,0.0013226634,0.9967066645622253,0.0003,-0.0010112073796335608,0.2,1660,0.09800418152008206,0.030516961589455605,12.05120485,12.0
167,385,11.881182769999999,171008,443,12.0,,,,,,,,,,,,
168,385,11.83562046,172032,446,12.0,0.03017578125,-0.16577295139431952,0.001572452,0.9968934655189514,0.0003,-0.0024030209227930755,0.2,1670,0.09583463806193322,0.027724042534828186,,
169,385,11.783126069999996,173056,449,12.0,0.01611328125,-0.16223829039372503,0.0008372377,0.9967550039291382,0.0003,-0.0020355779357487335,0.2,1680,0.10159750964958221,0.03347745165228844,,
170,385,11.981802539999999,174080,451,12.0,0.0171875,-0.18036746601574122,0.0014755505,0.996859073638916,0.0003,-0.0016838065086631105,0.2,1690,0.09608726296573877,0.029030686244368553,,
,,,175000,,,0.0091796875,-0.19680511979386212,0.0014448079,0.9968079924583435,0.0003,0.00030705773824593054,0.2,1700,0.0979005326051265,0.04277843236923218,11.990725199999998,12.0
171,385,11.927737399999998,175104,453,12.0,,,,,,,,,,,,
172,385,11.82537801,176128,456,12.0,0.0099609375,-0.19023341676220298,0.00051823363,0.9971686005592346,0.0003,-6.704919505864381e-05,0.2,1710,0.08906295525375754,0.02627376839518547,,
173,385,11.93276953,177152,459,12.0,0.0255859375,-0.17653333442285657,0.0019400766,0.9968806505203247,0.0003,-0.0023563810143969023,0.2,1720,0.09878637206275016,0.04937285929918289,,
174,385,11.947058329999999,178176,462,12.0,0.0185546875,-0.17045986140146852,0.0006485427,0.996952474117279,0.0003,-0.0013864432228729128,0.2,1730,0.09519398773554713,0.0512230284512043,,
175,386,11.856205979999997,179200,463,12.0,0.015625,-0.15263563026674093,0.0012411121,0.9971185326576233,0.0003,-0.0017220014648046344,0.2,1740,0.09077769026625901,0.04687603935599327,,
,,,180000,,,0.01123046875,-0.14800022090785206,0.0014531361,0.9969743490219116,0.0003,-0.0012338745524175464,0.2,1750,0.09542951793409885,0.0358901210129261,11.888579650000002,12.0
176,385,11.849317580000001,180224,466,12.0,,,,,,,,,,,,
177,385,11.928851239999997,181248,469,12.0,0.00849609375,-0.1492763661313802,0.0009905685,0.9977743029594421,0.0003,-0.0006489231425803154,0.2,1760,0.0699428062653169,0.03343011438846588,,
178,385,11.808784399999997,182272,472,12.0,0.009765625,-0.13981715268455447,0.00092601846,0.997393012046814,0.0003,-0.0011143295385409146,0.2,1770,0.08458532309159636,0.034779056906700134,,
179,386,11.94556813,183296,474,12.0,0.0248046875,-0.14711237265728414,0.0015042195,0.9970337152481079,0.0003,-0.0027619580359896645,0.2,1780,0.09441023818217217,0.04215775430202484,,
180,386,11.821972209999997,184320,476,12.0,0.0064453125,-0.1454364058095962,0.0005381249,0.9969771504402161,0.0003,0.0006248997844522819,0.2,1790,0.09288965100422501,0.043529558926820755,,
,,,185000,,,0.0126953125,-0.13920651283115149,0.0013245144,0.9973797798156738,0.0003,-0.0015836454986128956,0.2,1800,0.08445708071812988,0.04216930642724037,11.6847073,12.0
181,385,11.89316239,185344,480,12.0,,,,,,,,,,,,
182,385,11.871151039999997,186368,482,12.0,0.02265625,-0.1293486319947988,0.0030549625,0.9969006776809692,0.0003,-0.00047954343026503923,0.2,1810,0.09801184260286391,0.03662841394543648,,
183,386,11.917459500000001,187392,484,12.0,0.0037109375,-0.13621083493344485,0.00010171451,0.9970722198486328,0.0003,0.00019376593409106135,0.2,1820,0.09448461318388582,0.05377887189388275,,
184,386,11.91012157,188416,487,12.0,0.01279296875,-0.13509549819864333,0.0005032622,0.9974750280380249,0.0003,-0.001257086981786415,0.2,1830,0.08270884931553155,0.03464416414499283,,
185,386,11.85411095,189440,490,12.0,0.02236328125,-0.13513440820388495,0.001457894,0.9969766139984131,0.0003,-0.0017673489113803954,0.2,1840,0.09756283638998867,0.04857811704277992,,
,,,190000,,,0.012109375,-0.13107561371289195,0.00019618898,0.9973058104515076,0.0003,-0.0004927022979245521,0.2,1850,0.08524833365809173,0.046926919370889664,11.975830599999998,12.0
186,385,11.672316139999998,190464,493,12.0,,,,,,,,,,,,
187,385,11.77203881,191488,497,12.0,0.0072265625,-0.1287147790659219,0.001141564,0.9973564743995667,0.0003,-6.852281512692571e-06,0.2,1860,0.08043081022333354,0.04015813767910004,,
188,385,11.781330569999998,192512,499,12.0,0.0111328125,-0.1338876607362181,0.00023516075,0.996834397315979,0.0003,0.00035928064025938513,0.2,1870,0.10389672773890198,0.04234572499990463,,
189,386,11.910156439999998,193536,500,12.0,0.0220703125,-0.1410688277333975,0.0012632664,0.997496485710144,0.0003,-0.0012799100280972199,0.2,1880,0.08164602005854249,0.029156353324651718,,
190,386,11.94458129,194560,503,12.0,0.00625,-0.13575104204937816,0.001101447,0.9979525804519653,0.0003,0.00021336562058422716,0.2,1890,0.06771382121369243,0.038254909217357635,,
,,,195000,,,0.019921875,-0.12603934248909354,0.0014264418,0.9975976943969727,0.0003,-0.0005831155896885321,0.2,1900,0.07752017958555371,0.03739923983812332,11.814140999999998,12.0
191,386,11.882565320000003,195584,505,12.0,,,,,,,,,,,,
192,386,11.89186156,196608,508,12.0,0.01513671875,-0.12833846267312765,0.0015447461,0.9972978830337524,0.0003,-0.001582571597828064,0.2,1910,0.0863295515300706,0.03789716586470604,,
193,386,11.87569148,197632,511,12.0,0.01025390625,-0.11499370355159044,0.0009072314,0.9972829222679138,0.0003,-0.0010456742529640906,0.2,1920,0.09220759640447795,0.03035939484834671,,
194,386,11.839677099999996,198656,514,12.0,0.011328125,-0.11170017919503153,0.0016584378,0.9976330399513245,0.0003,-0.0013181180722313002,0.2,1930,0.07919134716503322,0.02968660555779934,,
195,386,11.895734110000001,199680,517,12.0,0.0126953125,-0.12406569421291351,0.00087772246,0.9972589612007141,0.0003,2.4295569164678455e-05,0.2,1940,0.08988283830694854,0.05646830424666405,,
,,,200000,,,0.02109375,-0.11322905644774436,0.00073099596,0.9964958429336548,0.0003,-0.0014151182360365056,0.2,1950,0.11663432698696852,0.0974058285355568,11.7454034,12.0
196,385,11.889024899999999,200704,520,12.0,,,,,,,,,,,,
197,385,11.91209093,201728,522,12.0,0.01728515625,-0.10647922307252884,0.0017740123,0.9972231388092041,0.0003,-0.002015851622854825,0.2,1960,0.09275887708645314,0.027330094948410988,,
198,384,11.919526890000002,202752,526,12.0,0.00595703125,-0.10105976758059114,0.001093043,0.9970698952674866,0.0003,-0.0001215943499119021,0.2,1970,0.096067542466335,0.06107416749000549,,
199,384,11.948037939999999,203776,530,12.0,0.01201171875,-0.1046228017192334,0.00044695055,0.9972385168075562,0.0003,-0.0006640573075856083,0.2,1980,0.09202835012692959,0.03953960910439491,,
200,384,11.955559650000003,204800,532,12.0,0.01181640625,-0.08857206508982926,0.00076657464,0.9975792765617371,0.0003,-0.0010743069855379873,0.2,1990,0.08024454289115965,0.03583955764770508,,
,,,205000,,,0.0087890625,-0.10026290421374143,0.0011108222,0.997477114200592,0.0003,7.850139518268406e-05,0.2,2000,0.08258769097737968,0.052004195749759674,11.8831393,12.0
201,382,11.84825489,205824,537,12.0,,,,,,,,,,,,
202,382,11.845576359999997,206848,540,12.0,0.01494140625,-0.10601278597023338,0.00048771175,0.9968446493148804,0.0003,-0.0017632597606279886,0.2,2010,0.1048265484161675,0.040233585983514786,,
203,382,11.838558890000002,207872,542,12.0,0.0201171875,-0.10041210325434805,0.0010188607,0.9970538020133972,0.0003,-0.0020215109761920758,0.2,2020,0.09835657158400864,0.027402643114328384,,
204,382,11.864298799999998,208896,545,12.0,0.009375,-0.1118197705131024,0.00063803076,0.9973021149635315,0.0003,-0.00023581387649755924,0.2,2030,0.09266352816484869,0.07549959421157837,,
205,383,11.9362841,209920,547,12.0,0.01572265625,-0.10927913568448275,0.0011292226,0.9964274764060974,0.0003,-0.002149408390687313,0.2,2040,0.12603690829128028,0.06631124764680862,,
,,,210000,,,0.00830078125,-0.10890513476915657,0.00053124555,0.9970799088478088,0.0003,-0.000403672554239165,0.2,2050,0.09876017484348268,0.04175358638167381,12.037214100000002,12.0
206,382,11.92599083,210944,551,12.0,,,,,,,,,,,,
207,382,11.851788159999998,211968,554,12.0,0.0177734375,-0.1110203908290714,0.0012104525,0.9961495995521545,0.0003,-0.0027072800061432646,0.2,2060,0.12955538788810372,0.04053367301821709,,
208,382,11.754583119999998,212992,556,12.0,0.01259765625,-0.10896178423427046,0.00079619436,0.9962390661239624,0.0003,-0.001418932035448961,0.2,2070,0.12462837430648506,0.03520842269062996,,
209,383,11.865734879999998,214016,558,12.0,0.0095703125,-0.10145922303199768,0.0013434095,0.9972326159477234,0.0003,-0.0004303967958549038,0.2,2080,0.08919414863921701,0.042662180960178375,,
,,,215000,,,0.01650390625,-0.08570670643821358,0.000800202,0.9964823722839355,0.0003,-0.002206972532439977,0.2,2090,0.11667747711762785,0.058486588299274445,12.159610399999998,12.0
210,382,11.907308329999996,215040,561,12.0,,,,,,,,,,,,
211,383,11.97334068,216064,563,12.0,0.0119140625,-0.08585307735484093,0.00117022,0.9974719285964966,0.0003,-0.0001392449135892093,0.2,2100,0.08519070066977293,0.058599088340997696,,
212,382,11.92278215,217088,566,12.0,0.01044921875,-0.08249472412280738,0.00063400675,0.9972127079963684,0.0003,-0.000998051234637387,0.2,2110,0.09517099966760725,0.042030613869428635,,
213,383,11.90196179,218112,568,12.0,0.0109375,-0.09762482224032283,0.00055646186,0.9967167973518372,0.0003,-0.0005396624379500281,0.2,2120,0.11256233835592866,0.049336712807416916,,
214,383,12.027780159999997,219136,571,12.0,0.01279296875,-0.08155019548721612,0.0011683217,0.9974706768989563,0.0003,-0.001912970223929733,0.2,2130,0.08757113351020962,0.03275315836071968,,
,,,220000,,,0.0078125,-0.08613472732249647,0.00031523273,0.9971576929092407,0.0003,-0.00033059700799640266,0.2,2140,0.0955856628715992,0.057392869144678116,12.1481551,12.0
215,383,11.88054091,220160,573,12.0,,,,,,,,,,,,
216,383,11.799448870000003,221184,576,12.0,0.01630859375,-0.09352713578846306,0.0053626355,0.9969218969345093,0.0003,-0.0008240188530180603,0.2,2150,0.10091870529577136,0.07650935649871826,,
217,383,11.872341089999997,222208,578,12.0,0.02646484375,-0.10955518051050603,0.0028659482,0.9969947338104248,0.0003,-0.0019176841946318746,0.2,2160,0.10476650125347078,0.04771504923701286,,
218,383,11.865682330000002,223232,581,12.0,0.0140625,-0.095255411346443,0.0005425582,0.9964958429336548,0.0003,-0.00163326672045514,0.2,2170,0.12588995224796234,0.05179688706994057,,
219,384,11.86463662,224256,583,12.0,0.01591796875,-0.08688311115838587,0.0011494975,0.9974426031112671,0.0003,-0.001737860131834168,0.2,2180,0.08805764056742191,0.03291259706020355,,
,,,225000,,,0.00703125,-0.08286382609512657,0.0007002531,0.9971239566802979,0.0003,-0.00035847870458383113,0.2,2190,0.10355413204524666,0.03053966350853443,12.018992,12.0
220,384,11.873711960000001,225280,586,12.0,,,,,,,,,,,,
221,384,11.84695101,226304,589,12.0,0.01298828125,-0.07868909935932607,0.00088398345,0.9972992539405823,0.0003,-0.0012895937034045346,0.2,2200,0.09373504270333796,0.05811312422156334,,
222,383,11.825443589999997,227328,592,12.0,0.00908203125,-0.07154381254222245,0.00096130423,0.9971135258674622,0.0003,0.00034190452133771033,0.2,2210,0.0996681785210967,0.058381348848342896,,
223,384,11.922257360000003,228352,594,12.0,0.012890625,-0.06549134433735163,0.0007114702,0.997344434261322,0.0003,-0.0022942658484680577,0.2,2220,0.09173834205139428,0.04117182269692421,,
224,383,11.918095410000001,229376,597,12.0,0.006640625,-0.05990275975782424,0.0006151691,0.9968191981315613,0.0003,0.0001912694628117606,0.2,2230,0.10730301679577678,0.051253266632556915,,
,,,230000,,,0.00556640625,-0.05801357545424253,0.0010844809,0.9972482919692993,0.0003,-0.0004319710031268187,0.2,2240,0.09433345890138298,0.05012631043791771,11.995591600000001,12.0
225,384,11.94207402,230400,599,12.0,,,,,,,,,,,,
226,384,11.907239749999999,231424,602,12.0,0.0091796875,-0.06285121549153701,0.00077141874,0.99715656042099,0.0003,-0.0006202207150636241,0.2,2250,0.10065061838831753,0.055163342505693436,,
227,384,11.913535490000005,232448,604,12.0,0.00966796875,-0.06597841966431588,0.0016818623,0.9966593980789185,0.0003,-0.00012543901684693992,0.2,2260,0.11544968350790441,0.06817836314439774,,
228,384,11.808511189999999,233472,607,12.0,0.01376953125,-0.07279607872478663,0.0009619771,0.997078001499176,0.0003,2.66237067990005e-05,0.2,2270,0.10154162601102143,0.042769163846969604,,
229,384,11.89052191,234496,610,12.0,0.0154296875,-0.07595855243271217,0.0023001796,0.9973270893096924,0.0003,1.9910820992663502e-05,0.2,2280,0.09647412954363972,0.044634390622377396,,
,,,235000,,,0.00673828125,-0.07784879277460277,0.0007320745,0.9970231652259827,0.0003,-4.691210633609444e-05,0.2,2290,0.10392533084377646,0.050664883106946945,12.198588500000001,12.0
230,383,11.920291719999998,235520,613,12.0,,,,,,,,,,,,
231,384,11.943514500000001,236544,615,12.0,0.01005859375,-0.06982906111516059,0.0010658916,0.9971936941146851,0.0003,-1.7061871767509727e-05,0.2,2300,0.09912794311530888,0.037763725966215134,,
232,384,11.96347106,237568,618,12.0,0.0095703125,-0.06288530473830178,0.00018344901,0.9979540705680847,0.0003,0.00022484124492621048,0.2,2310,0.07180306257214397,0.025225229561328888,,
233,384,11.921341349999999,238592,620,12.0,0.01357421875,-0.056923555547837165,0.00206781,0.997576892375946,0.0003,-0.0009009268338559196,0.2,2320,0.08756532880943269,0.06118380278348923,,
234,384,11.993433399999999,239616,623,12.0,0.01796875,-0.06099225713405758,0.001715153,0.9970433115959167,0.0003,-0.0022255130985286086,0.2,2330,0.10520781024824828,0.05281190574169159,,
,,,240000,,,0.00576171875,-0.051854890130925924,0.00022177625,0.9972787499427795,0.0003,-6.291680911090225e-05,0.2,2340,0.0966678547905758,0.031041473150253296,11.897760850000001,12.0
235,384,11.93787746,240640,625,12.0,,,,,,,,,,,,
236,384,11.852243370000002,241664,628,12.0,0.005078125,-0.05650995827745646,0.00034521095,0.9973292946815491,0.0003,0.00011383970850147307,0.2,2350,0.09189379329327493,0.034673478454351425,,
237,385,11.980982690000001,242688,630,12.0,0.01015625,-0.05471583944745362,0.0006676016,0.9973335266113281,0.0003,-2.236959699075669e-05,0.2,2360,0.09182087862864137,0.037662431597709656,,
238,384,11.86174542,243712,633,12.0,0.00234375,-0.0467431869590655,0.00031344814,0.9979815483093262,0.0003,-0.00042244090436724944,0.2,2370,0.06748152850195765,0.027216963469982147,,
239,384,11.94228761,244736,636,12.0,0.00849609375,-0.046965481643564996,0.0010542207,0.9976106882095337,0.0003,-0.0010387234768131747,0.2,2380,0.08206800406333059,0.04876943677663803,,
,,,245000,,,0.00244140625,-0.04504390517249703,0.00019997725,0.9973525404930115,0.0003,0.00024372403422603383,0.2,2390,0.09363389210775494,0.03305425867438316,11.786182499999999,12.0
240,384,11.846818679999998,245760,639,12.0,,,,,,,,,,,,
241,383,11.950862479999998,246784,642,12.0,0.00166015625,-0.04304068338824436,0.00027685228,0.9972020387649536,0.0003,-0.00024220593586505857,0.2,2400,0.10066452503670006,0.05545424669981003,,
242,384,11.871521919999998,247808,644,12.0,0.00087890625,-0.04220663033192977,4.9070746e-05,0.9966439008712769,0.0003,-0.00016956917606876233,0.2,2410,0.12091351826675237,0.0578959621489048,,
243,384,11.88302238,248832,646,12.0,0.00361328125,-0.04067496842471883,5.4176548e-05,0.9975756406784058,0.0003,-0.00018934055624413303,0.2,2420,0.08680230972822756,0.030227169394493103,,
244,384,11.88045577,249856,649,12.0,0.00361328125,-0.04211583293508738,0.00042767497,0.9971886873245239,0.0003,-0.00010442892089486122,0.2,2430,0.10132444915361702,0.056420065462589264,,
,,,250000,,,0.01005859375,-0.04630875542061404,0.00063184736,0.9977469444274902,0.0003,0.00029290526581462475,0.2,2440,0.08218092655297368,0.029535936191678047,11.99708655,12.0
245,385,11.92258025,250880,651,12.0,,,,,,,,,,,,
246,384,11.898184970000003,251904,654,12.0,0.0083984375,-0.042755837203003466,0.0017440139,0.9973401427268982,0.0003,-0.0008228347185649909,0.2,2450,0.09839470116421581,0.03802895173430443,,
247,384,11.909619760000005,252928,657,12.0,0.008203125,-0.04312669009668753,0.0005624352,0.9969611763954163,0.0003,-0.0004675598771427758,0.2,2460,0.11104825930669904,0.042174581438302994,,
248,384,11.83496641,253952,659,12.0,0.00771484375,-0.04075074034044519,0.002405651,0.997023344039917,0.0003,-0.0010934242833172902,0.2,2470,0.10832400359213352,0.0580345019698143,,
249,385,11.927918429999998,254976,661,12.0,0.00498046875,-0.039882245974149556,0.0003392594,0.9972023367881775,0.0003,-0.00019776602712227032,0.2,2480,0.10368547670077533,0.05059509724378586,,
,,,255000,,,0.00615234375,-0.04333174074999988,0.00012972264,0.9968518018722534,0.0003,-0.00019898949831258504,0.2,2490,0.11278437098953872,0.05901495739817619,11.934567600000001,12.0
250,385,11.902373070000003,256000,664,12.0,,,,,,,,,,,,
251,385,11.96632701,257024,666,12.0,0.00654296875,-0.04548882378730923,0.0007153879,0.997692883014679,0.0003,-0.0009668904880527407,0.2,2500,0.08362312975805253,0.04715397208929062,,
252,385,11.946325150000002,258048,669,12.0,0.008203125,-0.04533603995805606,0.0012943184,0.9968319535255432,0.0003,-0.0007576177478767932,0.2,2510,0.11469479203224182,0.04083627462387085,,
253,385,11.926573429999998,259072,672,12.0,0.0068359375,-0.04930464086355642,0.00020477129,0.9976779818534851,0.0003,-0.00018230824498459696,0.2,2520,0.08396878920029849,0.020633570849895477,,
,,,260000,,,0.01513671875,-0.04961894028820098,0.0016090493,0.996824324131012,0.0003,0.00034015874844044446,0.2,2530,0.11473113875836134,0.061895254999399185,12.003670549999999,12.0
254,385,11.84365186,260096,675,12.0,,,,,,,,,,,,
255,385,11.878726000000002,261120,677,12.0,0.00908203125,-0.047561914566904305,0.0004941042,0.9965329170227051,0.0003,-0.0008137220982462167,0.2,2540,0.12537422035820783,0.05305539816617966,,
256,385,11.9036382,262144,679,12.0,0.01103515625,-0.03922991818981245,0.0017037721,0.9971352219581604,0.0003,0.00011931002154597081,0.2,2550,0.10344561946112663,0.06320242583751678,,
257,385,11.99143294,263168,682,12.0,0.0052734375,-0.041058856283780185,0.0023214568,0.9967716336250305,0.0003,-0.0002609858463983983,0.2,2560,0.11815525572746992,0.05491207540035248,,
258,385,11.87686639,264192,685,12.0,0.0021484375,-0.0413850968296174,0.00061615184,0.9969068765640259,0.0003,-0.0004526832839474082,0.2,2570,0.11217291112989188,0.036602750420570374,,
,,,265000,,,0.007421875,-0.038780478638364,0.0015074403,0.9969564080238342,0.0003,0.0005014613030652981,0.2,2580,0.11295635849237443,0.059941358864307404,11.89669795,12.0
259,385,11.871697319999999,265216,688,12.0,,,,,,,,,,,,
260,385,11.910363219999999,266240,691,12.0,0.007421875,-0.03563009034260176,0.0002711853,0.9969163537025452,0.0003,0.00012717098579742014,0.2,2590,0.11359739420004189,0.04730493947863579,,
261,385,11.81475956,267264,693,12.0,0.0078125,-0.04257444805116393,0.00046637788,0.9968680143356323,0.0003,-4.056878096889704e-05,0.2,2600,0.11528142236638814,0.06295613199472427,,
262,385,11.993416899999998,268288,695,12.0,0.00439453125,-0.04039225860033184,0.00039218052,0.9968644976615906,0.0003,0.0001239859571796842,0.2,2610,0.11501836427487433,0.08604617416858673,,
263,385,11.88565612,269312,698,12.0,0.00390625,-0.042524379619862884,0.0005543669,0.9964643120765686,0.0003,8.864392584655434e-05,0.2,2620,0.12068302780389786,0.059350475668907166,,
,,,270000,,,0.01064453125,-0.043870219506789,0.0007028118,0.9971126914024353,0.0003,0.00046586754615418613,0.2,2630,0.10469842096790671,0.03342777118086815,11.85830425,12.0
264,385,11.892284579999998,270336,702,12.0,,,,,,,,,,,,
265,385,11.880616229999998,271360,704,12.0,0.00390625,-0.046331339015159755,0.00029066135,0.9974378943443298,0.0003,0.0004019126652565319,0.2,2640,0.09896358163096011,0.05450979992747307,,
266,385,12.0527011,272384,707,12.0,0.006640625,-0.05211765490239486,0.0010500064,0.9970397353172302,0.0003,0.00031157431076280775,0.2,2650,0.10824622993823141,0.07398282736539841,,
267,385,11.955853620000001,273408,709,12.0,0.01650390625,-0.044313182134646925,0.001747577,0.9975872039794922,0.0003,-0.0007608220737893134,0.2,2660,0.09103574608452618,0.05190552398562431,,
268,385,11.862109580000002,274432,711,12.0,0.00703125,-0.035134467179887,0.00076192856,0.9972750544548035,0.0003,-0.0006495053705293686,0.2,2670,0.10238657977897674,0.04029368236660957,,
,,,275000,,,0.00419921875,-0.0336756625387352,0.0003728299,0.9975635409355164,0.0003,-0.00028168276185169816,0.2,2680,0.09118589255958795,0.03865717723965645,11.9564088,12.0
269,385,11.832134860000002,275456,714,12.0,,,,,,,,,,,,
270,385,11.882940229999999,276480,716,12.0,0.0064453125,-0.03634250509785488,0.00068909756,0.9969688057899475,0.0003,-0.0003914132554200478,0.2,2690,0.11206172853708267,0.06213679909706116,,
271,385,11.900058730000001,277504,719,12.0,0.00849609375,-0.04739526218618266,0.0012281748,0.9972715377807617,0.0003,-0.0010242035757983103,0.2,2700,0.10160880128387362,0.04918905720114708,,
272,385,11.918664760000002,278528,722,12.0,0.00546875,-0.038241782278055324,0.0012350739,0.9964370131492615,0.0003,0.0007130044745281338,0.2,2710,0.1278248170390725,0.07396052032709122,,
273,385,11.722866639999998,279552,724,12.0,0.00712890625,-0.03829365677665919,0.00068485073,0.9965237975120544,0.0003,-0.0004647348905564286,0.2,2720,0.12830077193211764,0.05284728854894638,,
,,,280000,,,0.00791015625,-0.04340026117861271,0.0004472381,0.9972075819969177,0.0003,0.00023670477385167031,0.2,2730,0.10566432275809348,0.056026749312877655,11.88158935,12.0
274,385,11.855510210000002,280576,727,12.0,,,,,,,,,,,,
275,385,11.821078620000003,281600,729,12.0,0.01162109375,-0.028989427874330433,0.00014900189,0.9969502091407776,0.0003,-0.0009592303395038471,0.2,2740,0.11361784166656434,0.07466792315244675,,
276,385,11.856998740000003,282624,732,12.0,0.00751953125,-0.024156919645611195,0.0024714812,0.996739387512207,0.0003,-0.0010175849456572905,0.2,2750,0.1185481526190415,0.04790133237838745,,
277,385,11.8812461,283648,734,12.0,0.00361328125,-0.024769130267668516,0.00033314794,0.9973923563957214,0.0003,0.0007077012021909467,0.2,2760,0.09913362131919712,0.06496991962194443,,
278,385,11.924073719999997,284672,737,12.0,0.00146484375,-0.022922690556151794,6.0400926e-06,0.9967712163925171,0.0003,0.0002550985314883292,0.2,2770,0.1199700684286654,0.039580561220645905,,
,,,285000,,,0.00478515625,-0.030640540336025878,0.009993927,0.9974304437637329,0.0003,-0.000828418499440886,0.2,2780,0.0940879917005077,0.05106049403548241,12.069818950000002,12.0
279,386,11.93727613,285696,739,12.0,,,,,,,,,,,,
280,386,11.87319753,286720,742,12.0,0.008984375,-0.04783854765119031,0.0007487955,0.9974154233932495,0.0003,2.999945281771943e-05,0.2,2790,0.09964093565940857,0.043561939150094986,,
281,386,11.96755537,287744,745,12.0,0.01103515625,-0.03804393195314333,0.003122285,0.9972402453422546,0.0003,-0.00033015715453075243,0.2,2800,0.10655926028266549,0.05474751815199852,,
282,385,11.90839114,288768,748,12.0,0.00673828125,-0.03176252947305329,0.0049904957,0.9972407817840576,0.0003,-0.00026917760260403156,0.2,2810,0.10337620575446635,0.03138599172234535,,
283,386,11.969893059999999,289792,750,12.0,0.00146484375,-0.026675540872383864,0.00021853315,0.9969611167907715,0.0003,-0.0001766301895258948,0.2,2820,0.11344788195565343,0.0450030080974102,,
,,,290000,,,0.003515625,-0.023315916361752898,0.00037871243,0.9975217580795288,0.0003,-0.000609681592322886,0.2,2830,0.09431617604568601,0.04110446199774742,11.986284649999998,12.0
284,386,11.95384236,290816,753,12.0,,,,,,,,,,,,
285,385,11.795535910000002,291840,757,12.0,0.00263671875,-0.021716102416394278,0.000163441,0.9975144267082214,0.0003,-0.0004562950343824923,0.2,2840,0.09703078831080347,0.05013144016265869,,
286,385,11.927289770000002,292864,759,12.0,0.00244140625,-0.019948737317463383,0.0015780637,0.9975269436836243,0.0003,0.0006552128266775981,0.2,2850,0.09512553745880722,0.04140380769968033,,
287,386,11.81918006,293888,761,12.0,0.0064453125,-0.02058870388136711,0.018960563,0.9968296885490417,0.0003,-0.0007507384289056063,0.2,2860,0.11953227340709419,0.05997641012072563,,
288,385,11.827393879999997,294912,764,12.0,0.0025390625,-0.025385531352367253,0.00012825138,0.9970191717147827,0.0003,0.0003529926798364613,0.2,2870,0.11302807000465691,0.04974132403731346,,
,,,295000,,,0.005078125,-0.019719149579759686,0.00022643356,0.9971545338630676,0.0003,-0.0004648074769647792,0.2,2880,0.11070838808082044,0.04050170257687569,11.898600399999998,12.0
289,386,11.846373610000002,295936,766,12.0,,,,,,,,,,,,
290,385,11.896360389999998,296960,769,12.0,0.00283203125,-0.024471978086512535,0.00011691422,0.9977417588233948,0.0003,-5.408279539551586e-05,0.2,2890,0.08440211676061153,0.040388453751802444,,
291,386,11.843802010000001,297984,771,12.0,0.0037109375,-0.02047628494328819,0.00095537154,0.9971460700035095,0.0003,-0.00020864751568296924,0.2,2900,0.10461593326181173,0.0596308633685112,,
292,386,11.93750657,299008,774,12.0,0.00078125,-0.01760374503210187,6.256724e-05,0.9974463582038879,0.0003,-7.65654956921935e-05,0.2,2910,0.09822065138723701,0.0421125553548336,,
,,,300000,,,0.00302734375,-0.018266008869977667,0.00054369745,0.9971000552177429,0.0003,-0.00025617220962885766,0.2,2920,0.10858720375690609,0.030664922669529915,11.85772445,12.0
293,386,12.036024679999999,300032,776,12.0,,,,,,,,,,,,
294,386,11.973554610000003,301056,779,12.0,0.00390625,-0.018458764284150674,0.0005151835,0.9970102310180664,0.0003,0.00017917960067279637,0.2,2930,0.10996395160909742,0.05161938816308975,,
295,386,11.84792182,302080,782,12.0,0.00166015625,-0.018524701887508856,2.722611e-05,0.9973086714744568,0.0003,-0.0001275547794648446,0.2,2940,0.10336213442496955,0.05218713358044624,,
296,386,11.910962490000001,303104,785,12.0,0.0029296875,-0.021401362254982813,0.00068989256,0.9973317384719849,0.0003,-0.0002637056866660714,0.2,2950,0.10062882206402719,0.04617767781019211,,
297,386,11.88496634,304128,787,12.0,0.00361328125,-0.021289795136544852,0.0005469937,0.9974408149719238,0.0003,2.0035963098052888e-05,0.2,2960,0.09755289305467159,0.06725119799375534,,
,,,305000,,,0.00234375,-0.019872524339007214,0.0007997444,0.997594952583313,0.0003,-0.00032091616449179126,0.2,2970,0.09303234515246003,0.024647993966937065,12.1315878,12.0
298,386,11.946395889999998,305152,790,12.0,,,,,,,,,,,,
299,386,11.983076189999998,306176,792,12.0,0.00419921875,-0.019702228566166012,0.001552752,0.9969856142997742,0.0003,-0.0005695525440387427,0.2,2980,0.11472931043244898,0.059954699128866196,,
300,386,11.89386801,307200,795,12.0,0.00205078125,-0.02064598224242218,0.0009203671,0.9971768260002136,0.0003,-5.215777855482884e-05,0.2,2990,0.10712998360395432,0.03876863047480583,,
301,386,11.87414804,308224,797,12.0,0.00205078125,-0.019699678040342405,0.00040100346,0.9973089098930359,0.0003,2.744068915490061e-05,0.2,3000,0.10624927976168692,0.05410866439342499,,
302,386,12.00401454,309248,800,12.0,0.0025390625,-0.01704326914041303,0.0003361776,0.9970899820327759,0.0003,-1.7179756832774727e-05,0.2,3010,0.1109342525480315,0.0472727045416832,,
,,,310000,,,0.00546875,-0.028034691722132264,0.003046221,0.9973098635673523,0.0003,-0.00022308440748020075,0.2,3020,0.10452786751557142,0.05206013470888138,11.70017395,12.0
303,386,11.912276009999998,310272,802,12.0,,,,,,,,,,,,
304,386,11.86819422,311296,804,12.0,0.0083984375,-0.018492014511139132,0.0046923794,0.9971891641616821,0.0003,-0.0011180720073753036,0.2,3030,0.10844070520251989,0.04137555509805679,,
305,386,11.948700980000002,312320,807,12.0,0.00078125,-0.018370907130884007,3.5272387e-05,0.9973664879798889,0.0003,-6.94775371812284e-07,0.2,3040,0.10012862307485193,0.03535915166139603,,
306,386,11.82072946,313344,811,12.0,0.0021484375,-0.02236789113958366,0.0004534333,0.9973158836364746,0.0003,-0.00011158603301737457,0.2,3050,0.10486608704086393,0.03836425021290779,,
307,386,11.936673480000001,314368,813,12.0,0.003515625,-0.021602549450472,0.0006873504,0.9975223541259766,0.0003,0.00037634276668541133,0.2,3060,0.09295925898477435,0.031233543530106544,,
,,,315000,,,0.00390625,-0.020614196360111237,0.0011579266,0.9974589347839355,0.0003,-0.0003857819712720811,0.2,3070,0.09604676745366306,0.03815164044499397,11.963233749999999,12.0
308,386,11.992285020000002,315392,815,12.0,,,,,,,,,,,,
309,386,11.989554489999998,316416,817,12.0,0.000390625,-0.02364435463678092,2.1140266e-05,0.997675895690918,0.0003,-0.00017578567931195722,0.2,3080,0.08499238819349557,0.03869662061333656,,
310,386,11.996173979999998,317440,820,12.0,0.0076171875,-0.026784241053974256,0.0032786625,0.9975449442863464,0.0003,-0.00122403098794166,0.2,3090,0.09358917826320975,0.04136670380830765,,
311,386,11.92287687,318464,823,12.0,0.003515625,-0.02162892360938713,0.00040655193,0.9972231984138489,0.0003,-0.0002640848935698159,0.2,3100,0.10676285072695464,0.04076945036649704,,
312,386,11.951277439999998,319488,826,12.0,0.0,-0.018356214603409172,2.1288288e-06,0.9970896244049072,0.0003,-0.00023869752476457506,0.2,3110,0.09778800765052438,0.050539448857307434,,
,,,320000,,,0.00048828125,-0.015620977588696405,3.384205e-05,0.9975208640098572,0.0003,-6.490596570074559e-06,0.2,3120,0.09368183233309538,0.03526236116886139,11.848438349999999,12.0
313,386,12.009169689999998,320512,828,12.0,,,,,,,,,,,,
314,386,12.0016066,321536,831,12.0,0.00498046875,-0.02167719776334707,0.0011339968,0.9973784685134888,0.0003,-0.00037869326915824787,0.2,3130,0.09578232450876385,0.041995711624622345,,
315,387,12.004665820000003,322560,833,12.0,0.00263671875,-0.02015747168334201,0.0014096929,0.9977649450302124,0.0003,0.0003523538849549368,0.2,3140,0.08540246756747365,0.03755215182900429,,
316,386,11.940152419999999,323584,836,12.0,0.0015625,-0.015324579871958122,0.00012916955,0.9972970485687256,0.0003,-9.856431279331446e-05,0.2,3150,0.10345192151144147,0.029628952965140343,,
317,387,11.82404628,324608,838,12.0,9.765625e-05,-0.01895329556427896,0.0001294071,0.9976201057434082,0.0003,-0.00010217025992460549,0.2,3160,0.0909272360848263,0.04860004037618637,,
,,,325000,,,0.0080078125,-0.017659429012564943,0.007814674,0.9974129796028137,0.0003,-0.001443513668345986,0.2,3170,0.10039441895205528,0.047514889389276505,12.004958949999999,12.0
318,387,11.899907420000002,325632,841,12.0,,,,,,,,,,,,
319,386,11.805843590000002,326656,845,12.0,0.00185546875,-0.017906228033825754,0.00053380075,0.9977300763130188,0.0003,-0.00011373431334504858,0.2,3180,0.08729881935287268,0.03628665953874588,,
320,386,11.883269599999998,327680,847,12.0,0.00322265625,-0.03342825916479342,0.0010477328,0.9975495338439941,0.0003,-0.0006072347940062172,0.2,3190,0.09251037423964589,0.04570039361715317,,
321,386,11.959669349999997,328704,849,12.0,0.0271484375,-0.03352083548670635,0.024407927,0.9969030022621155,0.0003,-0.0029454371164320038,0.2,3200,0.11997054084204137,0.049932073801755905,,
322,386,11.95491915,329728,853,12.0,0.00234375,-0.01818269937648438,0.00089931337,0.9976279139518738,0.0003,-0.0002793849882436916,0.2,3210,0.09110979575198144,0.026940247043967247,,
,,,330000,,,0.00263671875,-0.0195099483942613,0.0006972231,0.9966174364089966,0.0003,-0.00061912864621263,0.2,3220,0.12927711359225214,0.05510113015770912,12.084929,12.0
323,386,12.005105439999998,330752,855,12.0,,,,,,,,,,,,
324,385,11.922834550000003,331776,859,12.0,0.00341796875,-0.023491719888988884,0.0013746616,0.9975055456161499,0.0003,-0.00035047385172219946,0.2,3230,0.0954474694095552,0.04304233193397522,,
325,385,11.763843629999997,332800,862,12.0,0.00322265625,-0.03243841256480664,0.004350674,0.996825098991394,0.0003,8.163522579707205e-05,0.2,3240,0.12015457209199668,0.08769743144512177,,
326,386,11.842691290000003,333824,864,12.0,0.06103515625,-0.04731790907680988,0.023032159,0.9967164993286133,0.0003,-0.0035769270310993307,0.2,3250,0.12501068147830666,0.08608606457710266,,
327,386,11.903701009999999,334848,867,12.0,0.003125,-0.024465765099739654,0.00051604636,0.9968172907829285,0.0003,-0.00038518025394296274,0.2,3260,0.1234773423988372,0.0510738268494606,,
,,,335000,,,0.00751953125,-0.024791374255437405,0.0025848434,0.9971768856048584,0.0003,-0.0022433585283579303,0.2,3270,0.10848141782917083,0.05973906069993973,12.02102455,12.0
328,386,11.901760450000001,335872,869,12.0,,,,,,,,,,,,
329,386,11.904571579999999,336896,872,12.0,0.0041015625,-0.029742281057406218,0.00034905702,0.9974657893180847,0.0003,-0.0008459053584374488,0.2,3280,0.09842938922811299,0.03893604874610901,,
330,385,11.894224820000002,337920,875,12.0,0.0068359375,-0.03404231199529022,0.0035682328,0.9973477125167847,0.0003,-0.0009507789683993906,0.2,3290,0.10496513827238232,0.04521215334534645,,
331,385,11.861129299999998,338944,878,12.0,0.00498046875,-0.02970637377584353,0.0010296705,0.9972308874130249,0.0003,-0.0008504471974447369,0.2,3300,0.1085689278319478,0.03945592790842056,,
332,386,11.927173129999998,339968,880,12.0,0.00185546875,-0.026515972160268575,0.0010369566,0.9971672296524048,0.0003,-0.000315163770574145,0.2,3310,0.11085672425106168,0.06772787868976593,,
,,,340000,,,0.0052734375,-0.03402117131045088,0.0006905426,0.9970979690551758,0.0003,9.48731612879783e-06,0.2,3320,0.11395584749989211,0.030757982283830643,11.940729950000001,12.0
333,385,11.98847841,340992,884,12.0,,,,,,,,,,,,
334,385,11.940239510000003,342016,887,12.0,0.0033203125,-0.03480036094551906,0.00051034975,0.996910035610199,0.0003,-0.00040224137919722127,0.2,3330,0.12054471413139253,0.04985208436846733,,
335,385,11.87651787,343040,889,12.0,0.0072265625,-0.03602622878970578,0.0032654312,0.9977790713310242,0.0003,-0.0007809225207893178,0.2,3340,0.08743991525843739,0.03878406807780266,,
336,385,11.92890918,344064,891,12.0,0.01396484375,-0.03474216879112646,0.0033480246,0.9968045949935913,0.0003,-0.0015720289433375002,0.2,3350,0.12126276649069041,0.04167335107922554,,
,,,345000,,,0.00390625,-0.0335773027385585,0.0012950539,0.9967542886734009,0.0003,-0.00040278072410728785,0.2,3360,0.12357209818437695,0.04919197037816048,11.7730026,12.0
337,385,11.943667410000003,345088,895,12.0,,,,,,,,,,,,
338,385,12.005193010000001,346112,897,12.0,0.0068359375,-0.032930533355101946,0.0018653242,0.9969341158866882,0.0003,-0.0006272874161368236,0.2,3370,0.11657367425505072,0.05789943039417267,,
339,385,12.040476839999998,347136,900,12.0,0.000390625,-0.02841392464470118,5.5918936e-06,0.997308075428009,0.0003,3.24152410030365e-05,0.2,3380,0.10239467557985335,0.03177271783351898,,
340,385,11.947949620000001,348160,902,12.0,0.00400390625,-0.0326282087364234,0.00015454023,0.9971596002578735,0.0003,-0.00045039902615826575,0.2,3390,0.11218569891061633,0.07442813366651535,,
341,385,11.8252695,349184,906,12.0,0.00205078125,-0.04698432601289824,0.0010898446,0.9969524145126343,0.0003,-0.00031781755678821354,0.2,3400,0.11264694486744702,0.03686170279979706,,
,,,350000,,,0.0123046875,-0.036720388242974876,0.004132774,0.9972974061965942,0.0003,-0.001425831722735893,0.2,3410,0.10658909040503203,0.04879211634397507,11.8614182,12.0
342,384,11.985819029999998,350208,910,12.0,,,,,,,,,,,,
343,385,11.88665073,351232,912,12.0,0.00810546875,-0.038183103990741075,0.003636875,0.9973009824752808,0.0003,-0.0012488256674259902,0.2,3420,0.10063775610178709,0.0470883883535862,,
344,384,11.86572351,352256,915,12.0,0.00869140625,-0.027716457890346647,0.0031884399,0.9968616962432861,0.0003,-0.0007667022262467071,0.2,3430,0.1189163857139647,0.06992907077074051,,
345,385,11.97220115,353280,917,12.0,0.00166015625,-0.029348343540914357,0.004624695,0.9974259734153748,0.0003,-9.590155823389069e-05,0.2,3440,0.10184378221165388,0.04594990238547325,,
346,384,11.844686169999997,354304,920,12.0,0.00625,-0.03655077317962423,0.0007174252,0.9968287348747253,0.0003,-0.00036433934437809514,0.2,3450,0.12370098400861025,0.06637303531169891,,
,,,355000,,,0.00986328125,-0.04322583340108395,0.0021321205,0.9968997240066528,0.0003,-0.0002451286214636639,0.2,3460,0.11597053362056613,0.04851260781288147,11.9731227,12.0
347,385,11.97400909,355328,922,12.0,,,,,,,,,,,,
348,384,11.940846800000001,356352,925,12.0,0.0099609375,-0.03833580416394398,0.0006414503,0.9972109198570251,0.0003,0.00013028759422013537,0.2,3470,0.10542232489679008,0.05556872859597206,,
349,385,11.825375200000002,357376,927,12.0,0.00576171875,-0.03467496631201357,0.00044568343,0.9968770742416382,0.0003,-0.00026234691904392093,0.2,3480,0.12229967543389648,0.029055137187242508,,
350,385,11.95193019,358400,930,12.0,0.014453125,-0.030669274932006375,0.012136962,0.9974557161331177,0.0003,-0.0018451349809765817,0.2,3490,0.09837972777895629,0.03962837532162666,,
351,385,11.94403207,359424,932,12.0,0.00205078125,-0.026457370951538904,0.00215099,0.9970236420631409,0.0003,-0.000992933586530853,0.2,3500,0.11446602598298342,0.06769178062677383,,
,,,360000,,,0.010546875,-0.02395797727513127,0.01609397,0.9969426393508911,0.0003,-0.0007034566428046673,0.2,3510,0.11519823849666863,0.03874906897544861,11.84032075,12.0
352,385,11.908226659999999,360448,935,12.0,,,,,,,,,,,,
353,385,11.92494122,361472,937,12.0,0.003515625,-0.025197318091522904,0.002222751,0.9970386028289795,0.0003,-0.0010774890863103793,0.2,3520,0.1124301220756024,0.053488872945308685,,
354,385,11.900735919999999,362496,941,12.0,0.005859375,-0.02415459106559865,0.00082862447,0.9972164034843445,0.0003,-0.000511636518058367,0.2,3530,0.10558737595565618,0.042292170226573944,,
355,385,11.894303330000003,363520,943,12.0,0.006640625,-0.022397969471057877,0.0030043863,0.9973867535591125,0.0003,-0.0008684952306794002,0.2,3540,0.10094725722447037,0.05288044735789299,,
356,385,11.94407254,364544,946,12.0,0.0115234375,-0.03513193221297115,0.005253693,0.9972743391990662,0.0003,-0.0014322836301289498,0.2,3550,0.10621683478821069,0.04177439957857132,,
,,,365000,,,0.0111328125,-0.03890512351645157,0.023679681,0.9967526793479919,0.0003,0.0011462792521342636,0.2,3560,0.12690297623630614,0.11347009241580963,11.819020050000002,12.0
357,385,11.946984729999999,365568,948,12.0,,,,,,,,,,,,
358,385,11.88342605,366592,951,12.0,0.00849609375,-0.03772613172186538,0.0006765889,0.9978563785552979,0.0003,0.0002461091673467308,0.2,3570,0.08324400058481843,0.028915684670209885,,
359,385,11.85595725,367616,953,12.0,0.0091796875,-0.04045332137029618,0.0030742567,0.9976006150245667,0.0003,0.000631261317175813,0.2,3580,0.09101002682000399,0.05648506432771683,,
360,385,11.804247179999999,368640,956,12.0,0.01220703125,-0.05846849245717749,0.0028095634,0.9974732995033264,0.0003,-0.0004837599874008447,0.2,3590,0.09862767159938812,0.07122954726219177,,
361,385,12.004346109999998,369664,959,12.0,0.0078125,-0.062211310118436815,0.0009321986,0.9968112111091614,0.0003,0.00014815080794505775,0.2,3600,0.12514483029954135,0.05003168433904648,,
,,,370000,,,0.01552734375,-0.07012036794330925,0.0025099318,0.9968801140785217,0.0003,-0.0007787688256939874,0.2,3610,0.10544271680992097,0.05527708679437637,11.781463650000001,12.0
362,385,11.95086143,370688,962,12.0,,,,,,,,,,,,
363,385,12.01325754,371712,965,12.0,0.0080078125,-0.05660087590804323,0.0026570526,0.9967252612113953,0.0003,-0.00015485677868127824,0.2,3620,0.12301632347516715,0.04831588268280029,,
364,384,12.044059089999998,372736,968,12.0,0.00859375,-0.045998166973004115,0.0005669762,0.9969235062599182,0.0003,-3.9034885412547736e-05,0.2,3630,0.12110471816267818,0.057598382234573364,,
365,384,11.823615299999998,373760,971,12.0,0.0048828125,-0.04505320567986928,0.00023810158,0.9974768757820129,0.0003,0.0008779297932051122,0.2,3640,0.09918457542080432,0.06324474513530731,,
366,384,11.86415894,374784,973,12.0,0.0091796875,-0.05195087703177705,0.0006072543,0.9976477026939392,0.0003,0.0006487060396466404,0.2,3650,0.09249182818457484,0.03380047529935837,,
,,,375000,,,0.009375,-0.04003594512760174,0.00022474921,0.9971725344657898,0.0003,0.0009476240586081986,0.2,3660,0.1114880312466994,0.05098413676023483,11.7618821,12.0
367,384,11.912574079999997,375808,976,12.0,,,,,,,,,,,,
368,384,11.923736159999997,376832,980,12.0,0.0046875,-0.04392768238321878,0.00032922794,0.9972172975540161,0.0003,-0.0009989342404878698,0.2,3670,0.10991440312936902,0.056441780179739,,
369,384,11.946867599999996,377856,982,12.0,0.00634765625,-0.05655771498277318,0.00096132566,0.9973993897438049,0.0003,-0.00042849452729569747,0.2,3680,0.10230555415619165,0.056037530303001404,,
370,384,11.94809144,378880,984,12.0,0.00224609375,-0.055534665455343205,0.00026155583,0.9971683025360107,0.0003,-0.00016248644824372603,0.2,3690,0.1125577075406909,0.05457155779004097,,
371,384,11.810405019999997,379904,987,12.0,0.00341796875,-0.0636959377268795,0.0008002088,0.9972020387649536,0.0003,-0.00084070110169705,0.2,3700,0.12052811945322901,0.04099319502711296,,
,,,380000,,,0.01240234375,-0.05274101645336486,0.00043274683,0.9970563054084778,0.0003,-0.0008552020561182871,0.2,3710,0.12080296631902457,0.062278732657432556,11.98968085,12.0
372,384,11.832298939999998,380928,990,12.0,,,,,,,,,,,,
373,384,11.948317580000003,381952,993,12.0,0.00927734375,-0.05816978106158786,0.004363332,0.9969137907028198,0.0003,0.000293028935266193,0.2,3720,0.12456560598220676,0.07402054965496063,,
374,384,11.869346949999997,382976,996,12.0,0.01015625,-0.0607980698288884,0.002040083,0.9973271489143372,0.0003,5.3434932488016786e-05,0.2,3730,0.1036542251938954,0.04471202939748764,,
375,382,11.844976380000002,384000,1003,12.0,0.01337890625,-0.07216736742993816,0.0015587762,0.9972061514854431,0.0003,-0.001502121303929016,0.2,3740,0.11205766093917191,0.05764412507414818,,
,,,385000,,,0.01708984375,-0.06747160137456376,0.000846045,0.9968281388282776,0.0003,-0.0010318393964553253,0.2,3750,0.1254371483810246,0.05032351613044739,11.733922600000001,12.0
376,382,11.861710360000002,385024,1006,12.0,,,,,,,,,,,,
377,380,11.978889449999999,386048,1014,12.0,0.00771484375,-0.06367247279267758,0.00017140474,0.9975797533988953,0.0003,0.0012578227237099782,0.2,3760,0.09445705416146666,0.041013751178979874,,
378,380,11.848235180000001,387072,1016,12.0,0.01484375,-0.059014934580773115,0.003595476,0.9973025918006897,0.0003,-0.0015121034724870698,0.2,3770,0.10674176174215973,0.04467535763978958,,
379,380,11.895120370000003,388096,1020,12.0,0.00703125,-0.055158944643335414,0.0015196357,0.9974345564842224,0.0003,-0.00029502915567718445,0.2,3780,0.10095710053574294,0.047390423715114594,,
380,380,11.86796343,389120,1023,12.0,0.00400390625,-0.05448271864443086,0.00021749287,0.9962762594223022,0.0003,9.178794425679371e-05,0.2,3790,0.1535067389253527,0.0945310890674591,,
,,,390000,,,0.00283203125,-0.05637277500063646,0.00040855608,0.9969088435173035,0.0003,0.00022077322792029007,0.2,3800,0.1256170623237267,0.0717567726969719,12.0157502,12.0
381,379,11.9230376,390144,1028,12.0,,,,,,,,,,,,
382,379,11.875994150000002,391168,1030,12.0,0.0046875,-0.048567277647089215,0.0005081672,0.9965774416923523,0.0003,-0.00018452721124049277,0.2,3810,0.13412671373225749,0.048706263303756714,,
383,379,11.915677480000005,392192,1032,12.0,0.0015625,-0.044957253034226596,0.00037531048,0.9967029690742493,0.0003,5.199726729188114e-07,0.2,3820,0.12935708831064402,0.054307546466588974,,
384,379,11.910445669999996,393216,1036,12.0,0.00537109375,-0.04078157860203646,0.0059410958,0.9971056580543518,0.0003,-0.0007955681459861808,0.2,3830,0.11247879262082279,0.05018899217247963,,
385,379,11.960683420000002,394240,1038,12.0,0.0078125,-0.029634713963605463,0.003237147,0.9970390796661377,0.0003,-0.0012354955542832613,0.2,3840,0.11538852299563587,0.04889550805091858,,
,,,395000,,,0.00078125,-0.025971200491767377,2.7132512e-05,0.9967079162597656,0.0003,-2.7683110965881495e-05,0.2,3850,0.13033141433261336,0.0933941975235939,12.0709026,12.0
386,379,12.034733659999999,395264,1042,12.0,,,,,,,,,,,,
387,378,11.87964542,396288,1045,12.0,0.0033203125,-0.02811540463590063,0.00012994581,0.9972243309020996,0.0003,-4.484894743654877e-05,0.2,3860,0.1099133892217651,0.050088636577129364,,
388,379,11.805422090000002,397312,1047,12.0,0.003125,-0.032236781413666905,0.00019881083,0.9971815347671509,0.0003,0.0001876043010270223,0.2,3870,0.10830345281865447,0.06194477528333664,,
389,378,11.868237679999998,398336,1051,12.0,0.00595703125,-0.025433140323730185,0.00086308154,0.9974662065505981,0.0003,-0.000789344814256765,0.2,3880,0.0976971393218264,0.03112940303981304,,
390,379,11.901556490000003,399360,1053,12.0,0.00341796875,-0.027899649721803144,0.0014642333,0.9969430565834045,0.0003,-0.000813684864260722,0.2,3890,0.12162659820169211,0.0637679323554039,,
,,,400000,,,0.00625,-0.0384444440540392,0.003039161,0.9968024492263794,0.0003,-0.000599154744122643,0.2,3900,0.12780017792247236,0.07333073765039444,12.0043191,12.0
391,378,11.933804860000002,400384,1056,12.0,,,,,,,,,,,,
